Rk,Player,Pos,Age,Tm,G,GS,MP,FG,FGA,FG%,3P,3PA,3P%,2P,2PA,2P%,eFG%,FT,FTA,FT%,ORB,DRB,TRB,AST,STL,BLK,TOV,PF,PTS,Player-additional
1,Precious Achiuwa,C,23,TOR,12,0,20.4,3.0,7.7,.391,0.4,2.3,.179,2.6,5.3,.484,.418,2.3,2.8,.848,2.0,5.0,7.0,1.3,0.2,0.6,1.3,1.6,8.8,achiupr01
2,Steven Adams,C,29,MEM,20,20,26.8,3.5,5.6,.616,0.0,0.1,.000,3.5,5.6,.622,.616,0.9,3.0,.300,5.0,6.0,11.0,2.2,0.8,1.0,2.2,2.5,7.8,adamsst01
3,Bam Adebayo,C,25,MIA,20,20,34.8,8.1,15.2,.530,0.1,0.5,.111,8.0,14.8,.542,.531,4.5,5.2,.865,2.5,6.8,9.3,3.3,1.1,0.8,3.2,3.5,20.7,adebaba01
4,Ochai Agbaji,SG,22,UTA,7,0,9.7,1.1,2.7,.421,0.0,0.9,.000,1.1,1.9,.615,.421,0.6,1.0,.571,0.6,0.9,1.4,0.1,0.0,0.0,0.0,1.0,2.9,agbajoc01
5,Santi Aldama,PF,22,MEM,20,15,25.4,3.5,7.9,.446,1.2,3.7,.329,2.3,4.2,.548,.522,1.1,1.6,.688,1.7,4.0,5.7,1.1,0.9,0.9,0.6,2.7,9.3,aldamsa01
6,Nickeil Alexander-Walker,SG,24,UTA,14,0,11.1,1.6,3.9,.400,0.6,1.9,.333,0.9,2.0,.464,.482,0.6,0.6,.889,0.2,0.8,1.0,1.4,0.6,0.3,0.8,1.5,4.4,alexani01
7,Grayson Allen,SG,27,MIL,18,16,27.1,3.4,7.4,.455,2.1,4.7,.440,1.3,2.8,.480,.593,2.4,2.6,.915,0.9,2.4,3.3,2.7,0.9,0.3,1.3,1.6,11.2,allengr01
8,Jarrett Allen,C,24,CLE,17,17,32.0,5.5,9.4,.588,0.0,0.1,.000,5.5,9.3,.595,.588,2.4,3.1,.788,2.9,7.8,10.8,1.3,0.5,1.2,1.7,2.2,13.5,allenja01
9,Jose Alvarado,PG,24,NOP,21,6,20.8,3.2,7.1,.456,1.3,3.6,.355,2.0,3.5,.562,.547,0.6,0.8,.813,0.4,2.0,2.4,3.3,1.1,0.2,1.5,2.1,8.4,alvarjo01
10,Kyle Anderson,PF,29,MIN,17,3,21.6,2.4,4.8,.488,0.5,1.2,.429,1.8,3.6,.508,.543,1.2,1.5,.808,0.7,3.2,3.9,2.8,0.9,0.8,1.2,1.4,6.5,anderky01
11,Giannis Antetokounmpo,PF,28,MIL,17,17,32.8,11.5,21.5,.533,0.8,3.3,.232,10.7,18.2,.587,.551,7.6,12.5,.608,2.1,9.4,11.5,5.5,0.9,1.0,3.7,3.5,31.3,antetgi01
12,Thanasis Antetokounmpo,SF,30,MIL,10,0,2.5,0.0,0.1,.000,0.0,0.0,,0.0,0.1,.000,.000,0.0,0.0,,0.2,0.6,0.8,0.2,0.0,0.1,0.2,0.2,0.0,antetth01
13,Cole Anthony,PG,22,ORL,5,3,29.2,5.0,12.0,.417,1.4,4.2,.333,3.6,7.8,.462,.475,3.2,4.0,.800,0.6,4.0,4.6,3.8,0.8,0.6,2.0,4.0,14.6,anthoco01
14,OG Anunoby,SF,25,TOR,21,21,36.3,7.0,15.0,.471,1.7,4.8,.350,5.4,10.2,.528,.527,2.9,3.4,.847,1.4,4.6,6.0,2.2,2.3,1.0,2.7,3.1,18.7,anunoog01
15,Ryan Arcidiacono,PG,28,NYK,6,0,2.7,0.0,0.5,.000,0.0,0.3,.000,0.0,0.2,.000,.000,0.0,0.0,,0.0,0.3,0.3,0.3,0.3,0.0,0.2,0.3,0.0,arcidry01
16,Deni Avdija,SF,22,WAS,22,19,24.2,2.8,6.8,.407,0.8,2.7,.283,2.0,4.1,.489,.463,1.2,1.6,.750,0.9,4.2,5.1,2.5,0.7,0.7,1.4,3.1,7.5,avdijde01
17,Deandre Ayton,C,24,PHO,19,19,29.3,7.4,12.1,.609,0.2,0.6,.250,7.2,11.5,.628,.615,2.1,2.8,.741,3.1,6.8,9.8,2.2,0.5,0.8,1.8,3.1,17.0,aytonde01
18,Udoka Azubuike,C,23,UTA,8,0,4.0,0.8,0.9,.857,0.0,0.0,,0.8,0.9,.857,.857,0.0,0.5,.000,0.5,1.4,1.9,0.3,0.3,0.3,0.3,0.3,1.5,azubuud01
19,Marvin Bagley III,PF,23,DET,11,10,24.8,5.4,9.3,.578,0.6,1.6,.389,4.7,7.6,.619,.613,2.0,2.5,.815,2.5,4.5,7.0,0.7,0.9,0.6,1.4,2.5,13.4,baglema01
20,Patrick Baldwin Jr.,SF,20,GSW,4,0,6.0,1.0,2.5,.400,0.5,2.0,.250,0.5,0.5,1.000,.500,0.0,0.0,,0.0,1.5,1.5,0.0,0.8,0.0,0.3,0.0,2.5,baldwpa01
21,LaMelo Ball,PG,21,CHO,3,3,32.7,7.3,17.7,.415,3.3,10.7,.313,4.0,7.0,.571,.509,1.3,1.7,.800,0.0,3.7,3.7,7.0,1.0,0.3,3.7,2.7,19.3,ballla01
22,Mo Bamba,C,24,ORL,19,5,18.7,3.0,6.3,.479,1.1,2.9,.357,1.9,3.3,.587,.563,1.2,1.6,.710,1.2,3.4,4.5,1.2,0.3,0.8,0.9,2.2,8.2,bambamo01
23,Paolo Banchero,PF,20,ORL,15,15,34.8,7.7,16.9,.458,1.0,3.7,.273,6.7,13.2,.510,.488,6.2,8.5,.732,0.9,5.9,6.8,3.6,0.7,0.7,3.0,2.3,22.7,banchpa01
24,Desmond Bane,SG,24,MEM,12,12,33.6,8.3,17.8,.465,3.8,8.5,.451,4.4,9.3,.477,.573,4.3,4.8,.912,0.5,4.4,4.9,4.8,0.6,0.3,2.3,2.4,24.7,banede01
25,Dalano Banton,PG,23,TOR,17,2,10.7,2.3,5.5,.419,0.8,2.4,.317,1.5,3.1,.500,.489,0.8,0.9,.875,0.5,1.0,1.5,1.3,0.6,0.6,0.6,1.1,6.2,bantoda01
26,Dominick Barlow,SF,19,SAS,3,0,7.3,0.7,2.0,.333,0.0,1.0,.000,0.7,1.0,.667,.333,1.3,1.3,1.000,0.7,0.3,1.0,1.0,0.3,0.0,0.0,1.0,2.7,barlodo01
27,Harrison Barnes,PF,30,SAC,20,20,30.5,4.0,8.4,.476,0.9,3.2,.281,3.1,5.2,.596,.530,4.3,5.0,.869,1.1,4.4,5.5,2.0,0.9,0.2,1.2,1.5,13.2,barneha02
28,Scottie Barnes,PF,21,TOR,18,17,32.4,5.7,13.2,.429,1.3,3.9,.338,4.3,9.3,.467,.479,1.2,1.6,.724,1.8,4.5,6.3,5.2,0.9,0.9,2.3,1.4,13.8,barnesc01
29,RJ Barrett,SG,22,NYK,22,22,34.1,6.5,16.1,.406,1.5,5.5,.281,5.0,10.6,.470,.454,4.1,5.3,.778,1.0,4.3,5.2,3.0,0.5,0.1,2.2,2.3,18.8,barrerj01
30,Will Barton,SG,32,WAS,22,0,22.2,2.8,7.8,.363,1.1,3.5,.329,1.7,4.3,.389,.436,1.0,1.1,.875,0.3,2.9,3.1,2.5,0.7,0.3,1.0,1.2,7.7,bartowi01
31,Charles Bassey,C,22,SAS,12,0,14.4,2.2,3.4,.634,0.2,0.5,.333,2.0,2.9,.686,.659,0.7,1.2,.571,1.8,3.8,5.7,1.6,0.4,1.0,1.5,2.3,5.2,bassech01
32,Keita Bates-Diop,SF,27,SAS,20,6,16.7,3.1,6.0,.513,0.4,1.3,.280,2.7,4.7,.574,.542,1.2,1.4,.821,1.3,1.6,2.9,0.7,0.7,0.2,0.8,0.6,7.6,bateske01
33,Nicolas Batum,PF,34,LAC,23,1,18.9,1.5,3.7,.412,1.0,2.7,.365,0.5,1.0,.545,.547,0.4,0.7,.625,0.7,3.3,4.0,1.3,0.5,0.8,0.8,2.1,4.5,batumni01
34,Darius Bazley,PF,22,OKC,17,0,15.6,2.1,4.9,.434,0.5,1.5,.360,1.6,3.4,.466,.488,0.8,1.5,.500,1.1,2.8,3.9,1.1,0.5,1.3,0.6,1.2,5.5,bazleda01
35,Bradley Beal,SG,29,WAS,16,16,36.8,8.9,17.1,.522,1.8,5.0,.363,7.1,12.1,.588,.575,3.9,4.4,.873,0.9,2.9,3.8,5.6,1.3,0.7,3.0,2.0,23.6,bealbr01
36,Malik Beasley,SG,26,UTA,24,2,26.4,4.8,11.5,.419,3.2,8.0,.394,1.7,3.5,.476,.556,0.8,0.8,.900,0.7,3.3,3.9,1.6,1.0,0.2,0.9,1.3,13.6,beaslma01
37,MarJon Beauchamp,SF,22,MIL,15,6,15.5,2.0,5.2,.385,0.8,2.7,.293,1.2,2.5,.486,.462,0.5,0.7,.700,0.9,2.0,2.9,0.4,0.5,0.1,1.2,1.7,5.3,beaucma01
38,Dāvis Bertāns,PF,30,DAL,7,0,7.7,1.3,3.0,.429,1.1,2.3,.500,0.1,0.7,.200,.619,0.4,0.6,.750,0.1,0.6,0.7,0.6,0.0,0.0,0.3,1.6,4.1,bertada01
39,Patrick Beverley,PG,34,LAL,15,15,27.1,1.3,4.7,.268,0.7,3.1,.234,0.5,1.6,.333,.345,0.9,1.1,.824,0.6,3.3,3.9,2.7,0.9,0.5,0.9,3.1,4.2,beverpa01
40,Saddiq Bey,SF,23,DET,20,17,30.0,4.5,11.2,.402,1.5,5.3,.274,3.1,5.9,.517,.467,3.7,4.1,.901,1.1,3.5,4.6,1.5,0.8,0.2,1.3,1.7,14.1,beysa01
41,Khem Birch,C,30,TOR,11,0,7.4,0.9,1.5,.588,0.1,0.1,1.000,0.8,1.5,.563,.618,0.2,0.2,1.000,0.5,0.6,1.1,0.4,0.4,0.1,0.3,1.5,2.1,birchkh01
42,Goga Bitadze,C,23,IND,14,0,10.1,1.5,2.8,.538,0.1,0.7,.200,1.4,2.1,.655,.564,0.6,1.3,.500,1.1,1.3,2.4,1.0,0.4,0.6,0.7,1.9,3.8,bitadgo01
43,Bismack Biyombo,C,30,PHO,17,2,12.4,1.3,2.6,.489,0.0,0.0,,1.3,2.6,.489,.489,0.5,1.0,.471,0.9,2.6,3.5,0.9,0.3,1.5,1.1,1.8,3.1,biyombi01
44,Buddy Boeheim,PG,23,DET,1,0,1.0,0.0,0.0,,0.0,0.0,,0.0,0.0,,,0.0,0.0,,0.0,0.0,0.0,0.0,0.0,0.0,0.0,0.0,0.0,boehebu01
45,Bojan Bogdanović,PF,33,DET,23,23,32.0,7.0,13.8,.508,2.4,5.7,.417,4.6,8.0,.573,.595,4.3,5.0,.868,0.5,3.3,3.8,2.5,0.5,0.0,2.3,1.9,20.7,bogdabo02
46,Bol Bol,PF,23,ORL,22,17,27.1,5.4,9.0,.601,0.8,2.0,.409,4.6,7.0,.656,.646,1.5,2.0,.767,1.5,6.3,7.8,1.0,0.4,1.9,2.0,1.5,13.1,bolbo01
47,Leandro Bolmaro,SG,22,UTA,4,0,5.8,0.5,1.8,.286,0.0,0.5,.000,0.5,1.3,.400,.286,0.0,0.0,,0.3,0.0,0.3,0.8,0.5,0.3,0.8,1.0,1.0,bolmale01
48,Devin Booker,SG,26,PHO,21,21,36.5,10.4,21.2,.489,2.4,6.4,.378,8.0,14.8,.537,.546,5.8,6.6,.878,1.0,4.3,5.3,5.8,1.1,0.5,2.6,2.6,29.0,bookede01
49,Brandon Boston Jr.,SG,21,LAC,6,0,6.5,1.5,3.7,.409,0.5,0.8,.600,1.0,2.8,.353,.477,0.3,0.7,.500,0.3,0.3,0.7,0.2,0.2,0.0,0.2,0.3,3.8,bostobr01
50,Chris Boucher,PF,30,TOR,17,0,23.8,4.2,9.0,.464,0.9,3.1,.283,3.3,5.9,.560,.513,2.8,3.9,.716,2.4,3.9,6.4,0.5,0.9,0.8,0.8,2.7,12.1,bouchch01
51,James Bouknight,SG,22,CHO,19,0,17.2,2.0,5.9,.336,0.7,3.1,.237,1.3,2.8,.444,.398,0.5,0.8,.625,0.3,2.1,2.4,1.4,0.5,0.2,0.9,1.5,5.3,bouknja01
52,Tony Bradley,C,25,CHI,6,0,2.5,0.3,0.7,.500,0.2,0.3,.500,0.2,0.3,.500,.625,0.3,0.3,1.000,0.2,1.0,1.2,0.0,0.2,0.0,0.0,0.0,1.2,bradlto01
53,Malaki Branham,SF,19,SAS,9,2,16.0,1.8,5.2,.340,0.8,3.1,.250,1.0,2.1,.474,.415,0.7,0.9,.750,0.2,1.2,1.4,1.7,0.2,0.0,0.8,1.0,5.0,branhma01
54,Christian Braun,SG,21,DEN,20,0,13.3,1.2,2.9,.404,0.4,1.0,.350,0.8,1.9,.432,.465,0.4,0.7,.538,0.7,1.5,2.2,0.8,0.4,0.2,0.3,1.0,3.0,braunch01
55,Mikal Bridges,SF,26,PHO,21,21,37.3,6.1,11.8,.518,1.5,3.5,.419,4.6,8.2,.561,.581,2.0,2.3,.875,1.1,4.1,5.3,3.5,1.2,1.1,1.1,2.1,15.7,bridgmi01
56,Oshae Brissett,SF,24,IND,16,0,14.3,1.5,3.8,.393,0.8,2.4,.333,0.7,1.4,.500,.500,0.9,1.3,.700,0.7,1.8,2.5,0.4,0.6,0.1,0.4,1.0,4.7,brissos01
57,Malcolm Brogdon,PG,30,BOS,18,0,22.9,5.0,10.0,.500,1.9,3.9,.493,3.1,6.1,.505,.597,2.4,2.8,.863,1.0,3.1,4.1,3.7,0.5,0.2,2.0,1.4,14.4,brogdma01
58,Dillon Brooks,SG,27,MEM,18,18,30.8,6.5,16.2,.401,2.1,6.3,.333,4.4,9.9,.444,.466,2.2,3.0,.722,0.9,2.8,3.7,2.8,0.9,0.1,1.6,3.2,17.3,brookdi01
59,Bruce Brown,PG,26,DEN,21,9,29.4,4.5,9.6,.468,1.4,3.4,.403,3.1,6.1,.504,.540,1.0,1.1,.875,1.0,3.5,4.5,4.7,1.1,0.5,1.8,2.3,11.3,brownbr01
60,Greg Brown III,PF,21,POR,5,0,6.0,1.0,2.2,.455,0.0,0.4,.000,1.0,1.8,.556,.455,0.0,1.0,.000,0.2,0.2,0.4,0.0,0.6,0.8,0.6,0.6,2.0,browngr01
61,Jaylen Brown,SF,26,BOS,20,20,35.1,9.9,19.4,.509,2.2,6.6,.336,7.7,12.8,.598,.566,4.2,5.1,.832,1.0,5.6,6.6,3.5,1.0,0.3,3.3,2.9,26.1,brownja02
62,Kendall Brown,SG,19,IND,2,0,4.0,0.5,0.5,1.000,0.0,0.0,,0.5,0.5,1.000,1.000,0.0,0.0,,0.0,0.0,0.0,0.5,1.0,0.0,0.0,1.0,1.0,brownke03
63,Moses Brown,C,23,LAC,15,0,5.5,1.3,2.0,.667,0.0,0.0,,1.3,2.0,.667,.667,1.1,2.3,.486,0.8,1.3,2.1,0.1,0.1,0.3,0.2,1.0,3.8,brownmo01
64,Troy Brown Jr.,SF,23,LAL,17,15,26.2,3.1,7.0,.437,1.1,3.2,.327,2.0,3.8,.531,.513,0.6,0.6,1.000,1.0,3.9,4.9,1.0,0.7,0.1,1.0,1.8,7.8,browntr01
65,Jalen Brunson,PG,26,NYK,22,22,32.5,7.7,15.8,.486,1.4,4.2,.323,6.3,11.6,.545,.529,4.6,5.2,.878,0.5,3.0,3.5,6.5,1.1,0.2,1.6,2.5,21.3,brunsja01
66,Thomas Bryant,C,25,LAL,6,1,14.7,3.8,5.2,.742,0.2,0.7,.250,3.7,4.5,.815,.758,1.5,2.3,.643,1.0,4.0,5.0,0.8,0.0,0.8,0.3,1.7,9.3,bryanth01
67,Reggie Bullock,SF,31,DAL,20,18,27.7,1.6,5.4,.299,1.2,4.4,.273,0.4,1.0,.421,.411,0.5,0.7,.692,0.5,2.5,3.0,1.0,0.9,0.1,0.4,2.4,4.9,bullore01
68,Alec Burks,SG,31,DET,11,0,20.5,4.3,9.9,.431,1.7,4.5,.380,2.5,5.4,.475,.518,4.3,5.3,.810,0.3,2.2,2.5,1.7,1.0,0.1,1.1,2.6,14.5,burksal01
69,Jimmy Butler,SF,33,MIA,13,13,35.7,6.5,13.5,.483,0.8,2.4,.355,5.7,11.2,.510,.514,7.0,7.8,.901,2.0,4.6,6.6,6.1,1.8,0.2,1.7,1.6,20.9,butleji01
70,John Butler,C,20,POR,4,0,3.8,0.3,0.8,.333,0.0,0.5,.000,0.3,0.3,1.000,.333,0.0,0.0,,0.3,0.3,0.5,0.3,0.0,0.3,0.0,0.0,0.5,butlejo01
71,Jamal Cain,SF,23,MIA,8,0,11.6,1.9,3.5,.536,0.1,0.8,.167,1.8,2.8,.636,.554,0.5,0.8,.667,0.9,1.5,2.4,0.6,0.6,0.0,0.3,1.3,4.4,cainja01
72,Kentavious Caldwell-Pope,SG,29,DEN,20,20,31.3,4.0,8.4,.470,2.3,4.6,.495,1.7,3.9,.442,.604,1.2,1.5,.767,0.5,2.6,3.1,2.3,1.2,0.5,1.3,2.0,11.3,caldwke01
73,Facundo Campazzo,PG,31,DAL,8,0,6.5,0.4,1.6,.231,0.4,1.4,.273,0.0,0.3,.000,.346,0.1,0.3,.500,0.0,0.3,0.3,1.1,0.8,0.0,0.4,0.4,1.3,campafa01
74,Vlatko Čančar,PF,25,DEN,13,0,12.2,1.9,4.0,.481,0.9,2.1,.444,1.0,1.9,.520,.596,0.5,0.5,.857,0.2,1.4,1.5,0.9,0.5,0.3,0.6,1.4,5.2,cancavl01
75,Clint Capela,C,28,ATL,20,20,27.7,5.2,8.5,.615,0.0,0.0,,5.2,8.5,.615,.615,1.1,1.9,.568,4.3,7.9,12.1,0.8,0.7,1.5,0.9,2.3,11.5,capelca01
76,Vernon Carey Jr.,C,21,WAS,3,0,1.7,0.0,0.7,.000,0.0,0.0,,0.0,0.7,.000,.000,0.0,0.0,,0.0,0.3,0.3,0.0,0.0,0.0,0.3,0.7,0.0,careyve01
77,Jevon Carter,PG,27,MIL,20,20,27.5,3.5,7.8,.445,1.7,3.9,.423,1.8,3.9,.468,.552,0.6,0.7,.846,0.7,2.1,2.8,3.5,1.4,0.7,1.4,2.8,9.1,carteje01
78,Wendell Carter Jr.,C,23,ORL,15,15,32.9,5.8,11.3,.515,1.2,3.5,.346,4.6,7.8,.590,.568,3.8,4.6,.826,2.1,6.9,9.1,3.3,0.5,0.5,2.6,3.2,16.6,cartewe01
79,Alex Caruso,PG,28,CHI,21,5,25.5,1.9,4.3,.429,1.0,2.5,.385,0.9,1.9,.487,.538,1.1,1.5,.774,0.4,2.4,2.9,3.6,1.4,0.8,1.4,2.3,5.8,carusal01
80,Julian Champagnie,SF,21,PHI,2,0,3.5,0.0,1.0,.000,0.0,0.5,.000,0.0,0.5,.000,.000,0.0,0.0,,0.0,0.0,0.0,0.0,0.5,0.0,0.0,0.0,0.0,champju02
81,Justin Champagnie,SF,21,TOR,2,0,4.5,1.5,1.5,1.000,0.0,0.0,,1.5,1.5,1.000,1.000,0.0,0.0,,0.5,1.0,1.5,0.0,0.0,0.0,0.0,0.5,3.0,champju01
82,Kennedy Chandler,PG,20,MEM,8,0,9.9,1.0,3.4,.296,0.1,0.9,.143,0.9,2.5,.350,.315,0.4,0.9,.429,0.3,1.0,1.3,2.0,0.5,0.3,0.9,0.6,2.5,chandke01
83,Max Christie,SG,19,LAL,10,0,11.2,0.9,2.3,.391,0.7,1.6,.438,0.2,0.7,.286,.543,0.3,0.4,.750,0.1,2.1,2.2,0.5,0.3,0.0,0.2,0.5,2.8,chrisma02
84,Josh Christopher,SG,21,HOU,16,0,6.9,1.2,2.8,.432,0.2,0.9,.214,1.0,1.9,.533,.466,0.2,0.3,.750,0.3,0.9,1.2,0.6,0.3,0.0,0.8,0.8,2.8,chrisjo01
85,Brandon Clarke,PF,26,MEM,21,1,18.9,3.6,6.0,.591,0.0,0.3,.167,3.5,5.8,.612,.594,1.6,2.2,.739,1.1,3.3,4.4,1.3,0.3,1.0,1.1,2.3,8.8,clarkbr01
86,Jordan Clarkson,SG,30,UTA,24,24,32.4,7.0,16.3,.433,2.8,7.8,.362,4.2,8.4,.500,.521,2.6,3.2,.829,1.2,2.8,4.0,4.9,0.3,0.4,2.6,1.9,19.5,clarkjo01
87,Nic Claxton,C,23,BRK,22,22,27.4,5.3,7.3,.725,0.0,0.0,.000,5.3,7.2,.730,.725,1.2,2.6,.456,2.5,6.0,8.5,1.3,0.7,2.1,1.4,3.0,11.7,claxtni01
88,Amir Coffey,SG,25,LAC,20,5,14.0,1.2,3.1,.393,0.2,0.9,.235,1.0,2.2,.455,.426,1.5,1.8,.806,0.5,0.7,1.1,1.3,0.3,0.1,0.5,1.2,4.1,coffeam01
89,John Collins,PF,25,ATL,22,22,31.5,4.7,9.7,.484,0.7,3.3,.219,4.0,6.4,.621,.521,2.2,2.6,.845,1.2,6.3,7.5,1.3,0.9,1.4,1.4,3.2,12.3,collijo01
90,Zach Collins,PF,25,SAS,12,1,18.8,3.4,6.4,.532,0.8,2.3,.370,2.6,4.2,.620,.597,0.7,0.9,.727,1.7,3.6,5.3,2.5,0.8,1.2,1.9,3.2,8.3,colliza01
91,Mike Conley,PG,35,UTA,17,17,29.2,3.4,8.7,.392,1.9,4.9,.386,1.5,3.8,.400,.500,1.5,2.0,.765,0.4,2.0,2.4,7.9,1.2,0.3,1.5,2.1,10.2,conlemi01
92,Pat Connaughton,SG,30,MIL,4,0,16.0,2.0,6.8,.296,1.3,5.0,.250,0.8,1.8,.429,.389,0.5,0.5,1.000,0.3,2.3,2.5,0.5,0.8,0.0,0.0,0.3,5.8,connapa01
93,Robert Covington,PF,32,LAC,14,0,15.2,1.6,4.1,.404,1.1,2.7,.395,0.6,1.4,.421,.535,0.9,1.1,.867,0.4,3.5,3.9,1.0,0.4,0.6,0.8,2.0,5.3,covinro01
94,Torrey Craig,SF,32,PHO,21,13,23.6,3.0,6.2,.473,1.2,3.2,.382,1.7,3.0,.571,.573,0.5,0.6,.769,1.9,3.0,5.0,1.4,0.6,0.8,0.7,2.4,7.6,craigto01
95,Jarrett Culver,SG,23,ATL,3,0,11.0,1.0,2.7,.375,0.0,0.7,.000,1.0,2.0,.500,.375,1.3,2.0,.667,1.3,3.0,4.3,0.0,0.7,0.3,0.7,0.3,3.3,culveja01
96,Cade Cunningham,PG,21,DET,12,12,33.3,7.8,18.7,.415,1.4,5.1,.279,6.3,13.6,.466,.453,3.0,3.6,.837,1.0,5.2,6.2,6.0,0.8,0.6,3.3,2.8,19.9,cunnica01
97,Seth Curry,SG,32,BRK,13,0,23.2,3.7,8.1,.457,2.0,4.7,.426,1.7,3.4,.500,.581,0.6,0.7,.889,0.3,2.2,2.5,2.2,0.7,0.3,1.2,1.8,10.0,curryse01
98,Stephen Curry,PG,34,GSW,20,20,34.7,10.7,20.7,.518,5.2,11.8,.436,5.6,8.9,.627,.643,4.9,5.4,.907,0.6,6.1,6.7,7.0,1.1,0.2,3.0,2.1,31.4,curryst01
99,Dyson Daniels,PG,19,NOP,13,0,17.5,2.2,4.0,.538,0.7,1.5,.474,1.5,2.5,.576,.625,0.7,1.1,.643,0.5,3.4,3.9,2.3,0.8,0.4,0.8,2.0,5.7,daniedy01
100,Anthony Davis,C,29,LAL,18,18,34.2,9.8,17.3,.569,0.3,1.2,.238,9.6,16.1,.593,.577,6.3,7.7,.820,3.5,9.2,12.7,2.6,1.5,2.3,2.1,3.0,26.3,davisan02
101,Johnny Davis,SG,20,WAS,8,0,5.6,0.4,1.4,.273,0.0,0.3,.000,0.4,1.1,.333,.273,0.4,0.4,1.000,0.1,0.5,0.6,0.3,0.0,0.1,0.1,1.5,1.1,davisjo06
102,Terence Davis,SG,25,SAC,19,1,13.3,2.5,5.6,.449,1.5,3.6,.406,1.1,2.0,.526,.579,0.7,0.8,.875,0.4,2.6,3.0,1.4,0.7,0.2,0.7,1.9,7.3,daviste02
103,JD Davison,PG,20,BOS,3,0,2.7,0.3,1.3,.250,0.0,0.7,.000,0.3,0.7,.500,.250,0.0,0.0,,0.0,0.3,0.3,0.3,0.3,0.0,0.3,0.0,0.7,davisjd01
104,Dewayne Dedmon,C,33,MIA,18,0,12.6,2.8,4.9,.580,0.5,1.3,.391,2.3,3.6,.646,.631,1.4,1.8,.758,0.9,2.5,3.4,0.7,0.2,0.4,0.6,1.8,7.6,dedmode01
105,Matthew Dellavedova,PG,32,SAC,8,0,6.5,0.5,1.8,.286,0.3,0.6,.400,0.3,1.1,.222,.357,0.0,0.1,.000,0.1,0.3,0.4,1.3,0.3,0.0,0.5,0.6,1.3,dellama01
106,DeMar DeRozan,SF,33,CHI,21,21,34.7,9.4,18.1,.520,0.5,1.5,.313,9.0,16.6,.539,.533,7.0,7.9,.880,0.4,3.9,4.3,4.6,1.0,0.4,2.0,2.7,26.3,derozde01
107,Moussa Diabaté,PF,21,LAC,4,0,8.8,1.5,2.5,.600,0.0,0.0,,1.5,2.5,.600,.600,1.3,1.5,.833,2.0,1.5,3.5,0.3,0.5,0.3,0.0,1.0,4.3,diabamo01
108,Mamadi Diakite,PF,26,CLE,8,1,7.3,1.3,2.1,.588,0.5,1.1,.444,0.8,1.0,.750,.706,0.0,0.0,,0.1,1.0,1.1,0.3,0.3,0.3,0.6,1.0,3.0,diakima01
109,Hamidou Diallo,SG,24,DET,23,0,15.6,2.4,5.1,.479,0.1,0.6,.154,2.3,4.5,.519,.487,1.4,2.3,.623,1.0,2.0,2.9,1.0,0.6,0.2,0.9,2.2,6.4,diallha01
110,Gorgui Dieng,C,33,SAS,10,1,10.3,1.4,3.2,.438,0.7,2.3,.304,0.7,0.9,.778,.547,0.3,0.4,.750,0.9,1.8,2.7,1.8,0.1,0.5,0.8,1.7,3.8,dienggo01
111,Ousmane Dieng,SF,19,OKC,12,0,15.8,1.6,4.2,.380,0.6,2.5,.233,1.0,1.7,.600,.450,0.1,0.3,.250,0.3,2.4,2.8,1.5,0.2,0.3,0.4,0.8,3.8,diengou01
112,Spencer Dinwiddie,PG,29,DAL,21,21,31.8,6.0,12.6,.472,2.6,6.5,.397,3.4,6.1,.550,.574,1.8,2.2,.804,0.2,2.6,2.8,4.9,1.0,0.2,1.7,2.1,16.2,dinwisp01
113,Donte DiVincenzo,SG,26,GSW,14,1,16.8,1.6,4.4,.377,1.1,3.1,.349,0.6,1.3,.444,.500,0.6,0.8,.818,0.5,2.4,2.9,2.0,0.9,0.1,1.2,1.6,5.0,divindo01
114,Luka Dončić,PG,23,DAL,20,20,37.6,11.6,22.9,.505,2.7,8.0,.331,8.9,14.9,.599,.563,7.8,11.0,.712,0.9,7.8,8.7,8.7,1.9,0.5,3.6,3.0,33.6,doncilu01
115,Tyler Dorsey,SG,26,DAL,1,0,4.0,4.0,4.0,1.000,1.0,1.0,1.000,3.0,3.0,1.000,1.125,0.0,0.0,,1.0,1.0,2.0,0.0,0.0,0.0,0.0,0.0,9.0,dorsety01
116,Luguentz Dort,SG,23,OKC,22,22,30.5,5.0,12.1,.410,1.7,5.4,.314,3.3,6.7,.486,.479,2.5,3.3,.778,1.5,2.9,4.4,2.3,1.2,0.4,1.2,3.3,14.1,dortlu01
117,Ayo Dosunmu,PG,23,CHI,20,20,29.0,4.4,8.6,.515,1.0,3.1,.323,3.4,5.5,.624,.573,0.9,0.9,.944,0.6,2.9,3.4,2.9,0.7,0.5,1.7,2.6,10.7,dosunay01
118,Devon Dotson,PG,23,WAS,2,0,10.5,0.0,1.5,.000,0.0,0.5,.000,0.0,1.0,.000,.000,0.0,0.0,,1.5,0.5,2.0,1.0,0.5,0.0,0.0,1.5,0.0,dotsode01
119,Jeff Dowtin,PG,25,TOR,8,0,8.0,1.1,2.1,.529,0.1,0.5,.250,1.0,1.6,.615,.559,0.1,0.1,1.000,0.5,0.8,1.3,1.0,0.0,0.1,0.1,0.5,2.5,dowtije01
120,Goran Dragić,PG,36,CHI,20,0,17.6,3.1,7.2,.427,1.2,2.9,.404,1.9,4.3,.442,.507,0.9,1.3,.654,0.5,1.2,1.6,3.2,0.3,0.2,1.3,1.3,8.1,dragigo01
121,Andre Drummond,C,29,CHI,15,0,15.3,3.1,5.5,.554,0.0,0.1,.000,3.1,5.4,.568,.554,1.1,1.5,.739,2.9,5.6,8.5,0.9,0.6,0.5,1.3,2.3,7.3,drumman01
122,Chris Duarte,SF,25,IND,9,5,19.7,3.1,7.9,.394,1.4,4.2,.342,1.7,3.7,.455,.486,1.2,1.3,.917,0.4,1.7,2.1,1.0,0.1,0.4,0.9,1.8,8.9,duartch01
123,David Duke Jr.,SG,23,BRK,13,0,7.8,1.2,2.7,.457,0.0,0.3,.000,1.2,2.4,.516,.457,0.2,0.3,.750,0.3,0.6,0.9,0.7,0.3,0.1,0.7,1.5,2.7,dukeda01
124,Kevin Durant,PF,34,BRK,23,23,36.7,10.7,19.3,.553,1.7,4.7,.355,9.0,14.7,.615,.596,7.3,8.0,.923,0.4,6.1,6.5,5.3,0.7,1.7,3.3,2.7,30.4,duranke01
125,Jalen Duren,C,19,DET,21,0,22.0,2.9,4.9,.592,0.0,0.0,.000,2.9,4.9,.598,.592,1.0,2.0,.465,2.9,4.0,6.9,0.5,0.6,0.9,1.0,2.4,6.8,durenja01
126,Tari Eason,PF,21,HOU,21,0,18.1,3.0,7.6,.403,0.7,2.1,.341,2.3,5.5,.426,.450,1.3,1.6,.848,2.1,3.1,5.2,0.9,1.4,0.4,0.9,2.1,8.1,easonta01
127,Anthony Edwards,SG,21,MIN,22,22,36.5,8.3,17.9,.462,2.6,7.5,.345,5.7,10.4,.546,.534,3.7,4.9,.766,0.6,5.1,5.7,3.8,1.5,0.4,3.1,2.8,22.9,edwaran01
128,Kessler Edwards,SF,22,BRK,11,0,3.5,0.3,1.1,.250,0.2,0.6,.286,0.1,0.5,.200,.333,0.1,0.2,.500,0.2,0.3,0.5,0.2,0.2,0.1,0.1,0.1,0.8,edwarke02
129,Keon Ellis,SG,23,SAC,1,0,2.0,0.0,0.0,,0.0,0.0,,0.0,0.0,,,0.0,0.0,,0.0,0.0,0.0,0.0,0.0,0.0,0.0,1.0,0.0,elliske01
130,Joel Embiid,C,28,PHI,14,14,34.9,10.1,19.7,.511,0.9,3.5,.265,9.1,16.2,.564,.534,10.1,12.0,.839,1.6,8.1,9.6,4.9,1.1,1.6,4.1,3.1,31.1,embiijo01
131,Drew Eubanks,C,25,POR,21,3,17.5,2.3,3.1,.727,0.0,0.0,,2.3,3.1,.727,.727,1.1,1.6,.676,1.7,2.5,4.2,0.8,0.4,1.0,0.8,2.0,5.7,eubandr01
132,Bruno Fernando,C,24,HOU,5,3,13.6,2.0,3.0,.667,0.0,0.0,,2.0,3.0,.667,.667,0.8,1.2,.667,1.8,2.2,4.0,1.8,0.4,1.0,0.8,1.8,4.8,fernabr01
133,Dorian Finney-Smith,PF,29,DAL,21,21,33.2,3.2,7.8,.417,1.8,5.3,.339,1.4,2.4,.588,.534,0.7,0.9,.737,1.3,2.9,4.2,1.0,1.0,0.5,1.0,1.9,9.0,finnedo01
134,Malachi Flynn,PG,24,TOR,14,1,11.7,2.0,4.9,.412,1.1,2.5,.457,0.9,2.4,.364,.529,0.7,0.8,.909,0.1,1.1,1.3,1.3,0.4,0.1,0.6,1.6,5.9,flynnma01
135,Simone Fontecchio,SF,27,UTA,13,0,7.7,1.2,3.1,.375,0.8,2.2,.379,0.3,0.8,.364,.513,0.4,0.5,.714,0.4,0.8,1.2,0.3,0.2,0.2,0.4,0.6,3.5,fontesi01
136,Bryn Forbes,SG,29,MIN,12,0,10.3,1.3,3.8,.333,0.5,2.0,.250,0.8,1.8,.429,.400,0.6,0.6,1.000,0.3,0.3,0.5,0.8,0.6,0.0,0.4,0.8,3.6,forbebr01
137,Trent Forrest,PG,24,ATL,8,0,7.8,0.6,1.3,.500,0.0,0.0,,0.6,1.3,.500,.500,0.0,0.0,,0.3,0.6,0.9,1.1,0.3,0.0,0.3,0.5,1.3,forretr01
138,Michael Foster Jr.,PF,20,PHI,1,0,1.0,0.0,0.0,,0.0,0.0,,0.0,0.0,,,0.0,0.0,,0.0,0.0,0.0,0.0,0.0,0.0,0.0,0.0,0.0,fostemi02
139,Evan Fournier,SG,30,NYK,13,7,20.0,2.4,6.9,.344,1.5,4.4,.333,0.9,2.5,.364,.450,0.7,0.8,.818,0.2,1.9,2.1,1.7,0.7,0.2,1.1,2.2,6.9,fournev01
140,De'Aaron Fox,PG,25,SAC,19,19,31.8,8.9,17.0,.526,1.9,5.0,.389,7.0,12.0,.583,.584,4.2,5.1,.823,0.5,4.4,4.9,6.0,1.1,0.5,2.6,2.7,24.0,foxde01
141,Markelle Fultz,SG,24,ORL,1,1,17.0,3.0,8.0,.375,0.0,1.0,.000,3.0,7.0,.429,.375,2.0,2.0,1.000,1.0,0.0,1.0,4.0,2.0,1.0,1.0,2.0,8.0,fultzma01
142,Wenyen Gabriel,PF,25,LAL,18,2,13.8,2.1,3.4,.613,0.2,0.6,.273,1.9,2.8,.686,.637,1.0,1.2,.818,1.1,2.5,3.6,0.7,0.6,0.5,0.7,1.8,5.4,gabriwe01
143,Daniel Gafford,C,24,WAS,22,0,12.5,2.0,2.8,.738,0.0,0.0,,2.0,2.8,.738,.738,1.0,1.6,.629,1.4,2.3,3.7,0.4,0.4,0.9,1.0,1.7,5.1,gaffoda01
144,Darius Garland,PG,23,CLE,16,16,35.6,7.8,17.3,.448,2.9,6.9,.418,4.9,10.4,.467,.531,4.4,5.2,.855,0.3,1.9,2.3,8.1,1.3,0.3,3.4,2.3,22.8,garlada01
145,Usman Garuba,PF,20,HOU,19,1,16.1,1.6,2.7,.577,0.4,0.6,.636,1.2,2.2,.561,.644,0.7,1.2,.591,1.9,3.1,5.1,1.2,0.9,0.8,1.0,2.1,4.2,garubus01
146,Luka Garza,C,24,MIN,1,0,1.0,0.0,0.0,,0.0,0.0,,0.0,0.0,,,0.0,0.0,,0.0,0.0,0.0,0.0,0.0,0.0,0.0,0.0,0.0,garzalu01
147,Rudy Gay,SF,36,UTA,12,0,15.8,1.8,4.8,.362,0.8,2.8,.265,1.0,2.0,.500,.440,0.3,0.5,.500,0.5,2.9,3.4,0.8,0.4,0.5,0.8,1.3,4.5,gayru01
148,Paul George,SF,32,LAC,16,16,34.3,8.3,18.0,.458,2.8,7.6,.372,5.4,10.4,.521,.536,4.3,5.1,.852,0.5,5.5,6.0,4.3,1.6,0.4,3.6,2.7,23.6,georgpa01
149,Taj Gibson,PF,37,WAS,10,0,6.7,1.2,2.5,.480,0.1,0.6,.167,1.1,1.9,.579,.500,0.8,0.8,1.000,0.6,1.0,1.6,0.4,0.3,0.2,0.2,1.1,3.3,gibsota01
150,Josh Giddey,SG,20,OKC,19,19,30.5,6.3,13.9,.453,0.7,2.9,.255,5.6,11.1,.505,.479,1.0,1.5,.679,1.7,5.7,7.5,5.5,0.5,0.4,3.3,2.3,14.4,giddejo01
151,Shai Gilgeous-Alexander,SG,24,OKC,20,20,35.8,10.8,21.3,.506,1.1,3.1,.339,9.7,18.2,.534,.531,8.5,9.3,.919,1.1,3.9,4.9,6.1,1.7,1.2,3.2,2.5,31.1,gilgesh01
152,Anthony Gill,PF,30,WAS,18,4,12.6,1.4,2.6,.553,0.1,0.7,.167,1.3,1.9,.686,.574,0.5,0.6,.818,0.7,1.1,1.8,0.6,0.2,0.2,0.2,1.5,3.5,gillan01
153,Rudy Gobert,C,30,MIN,20,20,31.6,5.0,7.8,.645,0.0,0.1,.000,5.0,7.7,.654,.645,3.6,4.9,.732,3.8,8.1,11.8,0.9,0.7,1.4,1.6,3.1,13.6,goberru01
154,Jordan Goodwin,PG,24,WAS,15,1,20.7,2.7,5.1,.532,0.7,1.6,.458,2.0,3.5,.566,.604,0.7,1.1,.625,1.1,2.6,3.7,2.9,0.8,0.8,0.9,1.9,6.9,goodwjo01
155,Aaron Gordon,PF,27,DEN,18,18,28.7,6.1,10.1,.604,1.1,2.8,.392,5.0,7.3,.687,.659,2.7,4.4,.613,2.5,4.2,6.7,2.4,0.6,0.9,1.3,1.8,16.1,gordoaa01
156,Eric Gordon,SG,34,HOU,18,18,29.6,4.2,9.5,.444,1.9,5.2,.362,2.3,4.3,.545,.544,2.0,2.3,.878,0.3,1.7,2.0,2.6,0.7,0.4,1.9,0.7,12.3,gordoer01
157,Devonte' Graham,PG,27,NOP,21,0,16.2,1.8,4.7,.388,1.6,4.0,.410,0.2,0.7,.267,.561,0.8,1.0,.762,0.1,1.3,1.4,2.2,0.5,0.2,0.6,0.7,6.0,grahade01
158,Jerami Grant,PF,28,POR,21,21,36.4,7.3,15.4,.474,2.9,6.0,.476,4.4,9.4,.472,.567,4.8,6.3,.765,0.8,3.5,4.3,2.7,0.9,1.0,2.0,2.3,22.2,grantje01
159,A.J. Green,SG,23,MIL,6,0,3.8,0.2,0.8,.200,0.2,0.8,.200,0.0,0.0,,.300,0.0,0.0,,0.2,0.5,0.7,0.2,0.2,0.0,0.0,0.7,0.5,greenaj01
160,Draymond Green,PF,32,GSW,20,20,30.7,3.7,6.2,.602,0.4,1.3,.320,3.3,4.9,.673,.634,1.2,1.7,.697,0.6,5.5,6.1,7.1,1.0,0.7,2.4,3.4,9.0,greendr01
161,Jalen Green,SG,20,HOU,21,21,34.2,7.3,17.2,.424,2.6,7.6,.344,4.7,9.6,.488,.500,4.1,5.2,.791,0.6,3.6,4.1,4.0,0.7,0.2,3.1,1.8,21.3,greenja05
162,JaMychal Green,PF,32,GSW,19,0,15.9,2.4,4.8,.500,0.3,1.6,.194,2.1,3.2,.656,.533,0.6,0.7,.846,1.5,2.6,4.2,0.7,0.6,0.4,1.1,2.2,5.7,greenja01
163,Javonte Green,SG,29,CHI,21,0,16.1,2.2,3.8,.575,0.5,1.2,.385,1.7,2.6,.667,.638,0.8,1.2,.680,1.0,2.0,3.0,0.8,1.0,0.7,0.6,1.6,5.7,greenja02
164,Jeff Green,PF,36,DEN,16,3,19.9,2.9,5.6,.528,0.3,1.3,.250,2.6,4.3,.609,.556,1.8,2.3,.778,0.8,1.8,2.6,1.2,0.4,0.2,1.0,2.1,7.9,greenje02
165,Josh Green,SG,22,DAL,21,1,19.3,2.3,3.8,.600,1.0,2.2,.478,1.2,1.6,.765,.738,1.2,1.8,.676,0.9,1.3,2.2,0.9,0.9,0.0,0.7,2.5,6.8,greenjo02
166,AJ Griffin,SF,19,ATL,18,1,17.8,3.4,7.3,.470,1.5,3.9,.380,1.9,3.4,.574,.572,0.4,0.4,1.000,0.8,1.2,1.9,0.7,0.9,0.1,0.7,1.1,8.8,griffaj01
167,Blake Griffin,PF,33,BOS,8,3,12.5,1.5,3.0,.500,0.5,1.3,.400,1.0,1.8,.571,.583,0.6,0.8,.833,1.0,2.0,3.0,0.8,0.3,0.0,0.6,1.9,4.1,griffbl01
168,Quentin Grimes,SG,22,NYK,12,7,18.8,2.2,4.8,.456,0.8,2.8,.294,1.3,1.9,.696,.544,0.3,0.4,.800,0.6,2.0,2.6,1.8,0.4,0.3,0.6,2.4,5.5,grimequ01
169,Rui Hachimura,PF,24,WAS,16,0,23.5,4.8,9.9,.481,0.8,2.3,.333,4.0,7.6,.525,.519,1.3,1.8,.724,0.8,4.1,4.8,1.1,0.3,0.5,1.4,1.1,11.6,hachiru01
170,Tyrese Haliburton,PG,22,IND,21,21,33.4,7.1,15.2,.469,2.6,7.0,.372,4.5,8.2,.552,.555,2.4,2.9,.850,0.8,3.8,4.6,11.2,1.8,0.3,2.6,1.1,19.3,halibty01
171,Jordan Hall,SF,21,SAS,9,0,9.2,1.0,3.1,.321,0.3,1.7,.200,0.7,1.4,.462,.375,0.8,1.0,.778,0.3,1.0,1.3,1.2,0.1,0.0,0.8,0.7,3.1,halljo02
172,R.J. Hampton,PG,21,ORL,19,0,16.4,2.4,5.4,.441,0.9,2.5,.362,1.5,2.9,.509,.525,1.3,1.5,.862,0.4,1.2,1.6,1.6,0.8,0.2,1.0,1.1,6.9,hamptrj01
173,Tim Hardaway Jr.,SG,30,DAL,20,3,25.0,3.7,11.0,.338,2.3,7.2,.319,1.4,3.8,.373,.443,1.9,2.2,.864,0.3,2.1,2.3,2.0,0.8,0.2,0.9,1.4,11.6,hardati02
174,James Harden,SG,33,PHI,9,9,36.8,7.0,15.9,.441,2.2,6.7,.333,4.8,9.2,.518,.510,5.8,6.2,.929,0.6,6.4,7.0,10.0,1.1,0.7,2.9,2.0,22.0,hardeja01
175,Jaden Hardy,SG,20,DAL,3,0,3.3,0.0,1.7,.000,0.0,0.7,.000,0.0,1.0,.000,.000,0.0,0.0,,0.0,0.7,0.7,0.3,0.0,0.0,0.7,0.7,0.0,hardyja02
176,Ron Harper Jr.,SF,22,TOR,2,0,4.0,1.0,2.0,.500,1.0,1.5,.667,0.0,0.5,.000,.750,0.0,0.0,,0.0,0.5,0.5,0.0,0.0,0.0,0.0,0.0,3.0,harpero02
177,Montrezl Harrell,C,29,PHI,19,5,12.4,1.8,3.3,.540,0.0,0.0,,1.8,3.3,.540,.540,1.8,2.5,.745,1.1,1.9,3.1,0.5,0.2,0.4,0.7,1.2,5.4,harremo01
178,Gary Harris,SG,28,ORL,6,3,25.8,3.8,8.0,.479,1.7,3.8,.435,2.2,4.2,.520,.583,1.0,1.0,1.000,0.8,1.8,2.7,2.0,0.7,0.3,1.5,2.2,10.3,harriga01
179,Joe Harris,SG,31,BRK,21,12,25.6,2.8,7.5,.373,1.8,5.4,.336,1.0,2.1,.467,.494,0.5,0.7,.733,0.5,2.5,3.0,1.7,0.5,0.3,0.6,2.2,8.0,harrijo01
180,Kevon Harris,SG,25,ORL,15,0,12.4,1.3,3.3,.388,0.3,1.0,.333,0.9,2.3,.412,.439,1.3,1.5,.826,1.1,1.3,2.4,0.5,0.5,0.1,0.9,1.5,4.1,harrike01
181,Tobias Harris,PF,30,PHI,20,20,33.4,6.4,13.5,.470,1.9,5.2,.356,4.5,8.3,.542,.539,1.7,2.0,.825,0.9,5.3,6.2,2.9,1.3,0.5,1.3,2.1,16.2,harrito02
182,Josh Hart,SG,27,POR,21,21,35.7,3.5,7.3,.477,0.6,1.9,.325,2.9,5.4,.531,.520,2.0,2.7,.732,1.8,6.6,8.4,4.3,1.4,0.1,1.7,2.9,9.5,hartjo01
183,Isaiah Hartenstein,C,24,NYK,22,7,21.5,2.7,5.0,.541,0.2,0.8,.222,2.5,4.1,.604,.560,0.9,1.0,.826,2.9,4.0,6.9,0.8,0.8,1.0,0.9,2.6,6.4,harteis01
184,Udonis Haslem,PF,42,MIA,3,0,6.3,0.3,1.7,.200,0.0,0.3,.000,0.3,1.3,.250,.200,0.3,0.7,.500,0.3,0.7,1.0,0.0,0.3,0.3,0.0,0.3,1.0,hasleud01
185,Sam Hauser,PF,25,BOS,22,0,17.0,2.5,5.0,.514,2.1,4.4,.479,0.5,0.6,.769,.725,0.3,0.4,.778,0.3,2.1,2.4,0.7,0.3,0.3,0.3,1.5,7.5,hausesa01
186,Jaxson Hayes,C,22,NOP,9,0,7.4,0.3,1.8,.188,0.0,0.9,.000,0.3,0.9,.375,.188,0.4,0.8,.571,0.3,1.4,1.8,0.6,0.3,0.1,0.3,0.7,1.1,hayesja02
187,Killian Hayes,PG,21,DET,24,11,24.0,3.2,8.5,.373,0.9,2.8,.318,2.3,5.8,.399,.424,0.7,0.8,.842,0.5,2.2,2.7,4.6,1.1,0.4,1.7,2.9,7.9,hayeski01
188,Gordon Hayward,SF,32,CHO,11,11,32.3,5.9,13.3,.445,1.5,3.8,.381,4.5,9.5,.471,.500,3.0,3.9,.767,0.6,3.6,4.3,4.4,0.6,0.3,2.5,0.9,16.3,haywago01
189,Juancho Hernangómez,PF,27,TOR,14,3,17.9,2.0,3.9,.519,0.6,2.0,.321,1.4,1.9,.731,.602,0.1,0.4,.400,0.9,3.3,4.2,0.9,0.7,0.2,0.6,1.4,4.8,hernaju01
190,Willy Hernangómez,C,28,NOP,9,0,8.8,1.7,3.6,.469,0.0,0.3,.000,1.7,3.2,.517,.469,1.1,1.3,.833,1.3,2.2,3.6,0.2,0.2,0.1,1.0,0.8,4.4,hernawi01
191,Tyler Herro,SG,23,MIA,14,14,32.8,6.7,15.5,.433,2.4,7.0,.337,4.4,8.5,.513,.509,2.6,2.9,.878,0.6,5.9,6.5,4.1,0.6,0.6,2.5,1.8,18.4,herroty01
192,Buddy Hield,SG,30,IND,21,21,31.2,6.0,14.2,.421,3.5,9.6,.368,2.5,4.7,.531,.545,1.6,1.9,.872,1.0,3.6,4.6,2.6,1.0,0.4,2.1,2.2,17.1,hieldbu01
193,Haywood Highsmith,SF,26,MIA,13,1,18.5,1.5,4.5,.345,0.7,2.3,.300,0.8,2.2,.393,.422,0.3,0.8,.400,1.0,3.1,4.1,0.6,0.6,0.3,0.8,0.8,4.1,highsha01
194,George Hill,PG,36,MIL,20,0,20.8,1.7,4.2,.410,0.7,2.2,.295,1.1,2.0,.538,.488,1.3,1.9,.684,0.4,1.6,2.0,2.5,0.4,0.2,0.7,1.4,5.4,hillge01
195,Malcolm Hill,SF,27,CHI,3,0,0.3,0.0,0.0,,0.0,0.0,,0.0,0.0,,,0.0,0.0,,0.0,0.3,0.3,0.0,0.0,0.0,0.0,0.0,0.0,hillma01
196,Aaron Holiday,PG,26,ATL,20,1,17.0,1.7,4.0,.413,0.6,1.3,.462,1.1,2.7,.389,.488,0.4,0.6,.727,0.4,1.0,1.4,1.4,0.7,0.2,0.8,1.8,4.3,holidaa01
197,Jrue Holiday,PG,32,MIL,16,15,31.9,6.8,15.5,.440,1.9,5.9,.326,4.9,9.6,.510,.502,2.2,2.5,.875,1.3,3.6,4.9,7.3,1.6,0.6,3.2,2.0,17.8,holidjr01
198,Justin Holiday,SG,33,ATL,18,0,16.8,2.2,5.4,.402,1.3,3.8,.353,0.8,1.6,.517,.526,0.0,0.0,,0.1,0.9,0.9,0.9,0.2,0.3,0.6,1.7,5.7,holidju01
199,Richaun Holmes,PF,29,SAC,11,0,10.9,1.5,2.2,.667,0.1,0.2,.500,1.4,2.0,.682,.688,0.4,0.5,.667,0.7,1.5,2.3,0.0,0.2,0.1,0.5,1.6,3.4,holmeri01
200,Al Horford,C,36,BOS,18,18,31.3,4.2,7.6,.555,2.2,4.4,.488,2.1,3.2,.649,.697,0.3,0.4,.625,1.1,5.2,6.3,2.8,0.4,0.9,0.7,1.9,10.9,horfoal01
201,Talen Horton-Tucker,SG,22,UTA,23,0,16.7,2.8,7.0,.395,0.8,2.9,.269,2.0,4.1,.484,.451,1.1,1.5,.765,0.5,2.0,2.5,2.2,0.8,0.4,1.3,1.5,7.5,hortota01
202,Danuel House Jr.,SF,29,PHI,20,2,18.3,1.6,3.4,.471,0.7,2.0,.359,0.9,1.5,.621,.574,1.1,1.4,.750,0.2,1.8,2.0,0.8,0.3,0.3,0.6,1.3,5.0,houseda01
203,Caleb Houstan,SF,20,ORL,17,1,18.4,1.4,3.5,.383,0.9,2.6,.364,0.4,0.9,.438,.517,0.5,0.6,.800,0.6,1.9,2.5,0.8,0.2,0.1,0.3,1.6,4.1,houstca01
204,Trevor Hudgins,PG,23,HOU,1,0,4.0,1.0,1.0,1.000,1.0,1.0,1.000,0.0,0.0,,1.500,0.0,0.0,,0.0,0.0,0.0,0.0,0.0,0.0,0.0,0.0,3.0,hudgitr01
205,Kevin Huerter,SG,24,SAC,20,20,32.0,5.6,11.4,.489,3.2,7.1,.451,2.4,4.3,.553,.630,1.6,2.4,.681,0.4,3.1,3.5,3.2,1.1,0.5,1.6,2.4,15.9,huertke01
206,De'Andre Hunter,SF,25,ATL,21,21,30.9,5.4,12.0,.447,1.3,3.8,.354,4.0,8.3,.489,.502,2.8,3.5,.808,0.7,3.3,4.0,1.1,0.3,0.1,1.3,3.0,14.9,huntede01
207,Bones Hyland,PG,22,DEN,13,0,21.5,4.8,12.3,.394,2.8,6.5,.440,2.0,5.8,.342,.509,2.5,2.9,.842,0.2,1.8,2.1,3.6,0.6,0.3,1.8,1.8,15.0,hylanbo01
208,Serge Ibaka,PF,33,MIL,14,0,11.4,1.6,3.1,.523,0.4,1.0,.429,1.2,2.1,.567,.591,0.6,0.9,.615,0.9,2.0,2.9,0.3,0.0,0.4,0.6,1.4,4.3,ibakase01
209,Brandon Ingram,SF,25,NOP,15,15,32.1,7.3,15.4,.472,1.9,4.0,.467,5.4,11.4,.474,.532,4.4,5.1,.868,0.5,4.6,5.1,4.7,0.9,0.7,2.8,2.2,20.8,ingrabr01
210,Kyrie Irving,PG,30,BRK,15,15,36.5,9.2,19.3,.476,2.7,8.4,.325,6.5,10.9,.591,.547,3.5,3.9,.914,0.5,3.6,4.1,4.3,0.9,1.0,2.2,3.0,24.7,irvinky01
211,Jaden Ivey,SG,20,DET,20,19,32.0,5.8,13.7,.420,1.5,4.8,.316,4.3,9.0,.475,.474,3.2,4.4,.727,1.2,3.6,4.8,4.4,1.1,0.3,2.7,2.9,16.2,iveyja01
212,Isaiah Jackson,PF,21,IND,20,3,16.6,2.6,4.6,.565,0.0,0.2,.000,2.6,4.5,.584,.565,2.0,2.9,.702,1.6,3.1,4.7,1.1,0.6,1.2,1.0,2.4,7.2,jacksis01
213,Jaren Jackson Jr.,C,23,MEM,6,6,25.7,6.2,13.3,.463,1.7,5.5,.303,4.5,7.8,.574,.525,4.5,5.8,.771,2.2,4.7,6.8,0.2,1.0,3.0,1.5,3.0,18.5,jacksja02
214,Justin Jackson,SF,27,BOS,8,0,5.6,0.3,1.3,.200,0.3,1.1,.222,0.0,0.1,.000,.300,0.0,0.0,,0.0,0.6,0.6,0.3,0.3,0.1,0.0,0.3,0.8,jacksju01
215,Reggie Jackson,PG,32,LAC,23,23,29.4,4.7,10.8,.440,1.5,4.4,.347,3.2,6.4,.503,.510,1.5,1.7,.921,0.3,2.3,2.7,4.6,0.7,0.1,2.2,1.9,12.5,jacksre01
216,LeBron James,PF,38,LAL,14,14,35.3,9.9,21.2,.468,2.4,7.5,.324,7.5,13.7,.547,.525,3.5,4.9,.721,1.5,7.1,8.6,6.3,1.1,0.7,3.6,1.9,25.8,jamesle01
217,Ty Jerome,SG,25,GSW,9,0,16.3,2.0,3.8,.529,0.8,1.9,.412,1.2,1.9,.647,.632,1.3,1.3,1.000,0.1,0.9,1.0,2.0,0.1,0.1,0.4,1.3,6.1,jeromty01
218,Isaiah Joe,SG,23,OKC,16,0,8.1,1.6,3.4,.473,1.3,2.9,.435,0.4,0.6,.667,.655,0.4,0.6,.778,0.1,1.2,1.3,0.9,0.3,0.1,0.3,0.9,4.9,joeis01
219,Alize Johnson,PF,26,SAS,1,0,7.0,1.0,1.0,1.000,0.0,0.0,,1.0,1.0,1.000,1.000,0.0,0.0,,1.0,2.0,3.0,0.0,0.0,0.0,0.0,0.0,2.0,johnsal02
220,Cameron Johnson,PF,26,PHO,8,8,25.3,4.6,10.4,.446,2.8,6.4,.431,1.9,4.0,.469,.578,1.0,1.4,.727,0.6,2.8,3.4,1.8,1.1,0.4,0.3,1.8,13.0,johnsca02
221,Jalen Johnson,SF,21,ATL,20,0,13.3,1.8,3.8,.474,0.3,1.3,.192,1.6,2.5,.620,.507,0.5,0.8,.667,0.5,2.4,2.9,0.7,0.7,0.3,0.5,1.5,4.4,johnsja05
222,James Johnson,PF,35,IND,6,0,9.7,1.0,2.5,.400,0.2,1.2,.143,0.8,1.3,.625,.433,0.0,0.0,,0.0,1.3,1.3,0.8,0.2,0.3,0.2,2.3,2.2,johnsja01
223,Keldon Johnson,SF,23,SAS,20,20,32.1,7.0,17.7,.393,3.1,8.6,.360,3.9,9.1,.423,.480,3.3,4.5,.742,1.0,4.1,5.1,3.2,1.0,0.1,2.4,1.8,20.3,johnske04
224,Keon Johnson,SG,20,POR,6,0,17.7,2.7,7.5,.356,1.3,3.8,.348,1.3,3.7,.364,.444,0.3,1.0,.333,0.5,2.0,2.5,1.7,0.8,0.3,2.2,1.7,7.0,johnske07
225,Nikola Jokić,C,27,DEN,18,18,31.7,8.4,13.3,.629,0.7,2.1,.324,7.7,11.3,.685,.654,5.2,6.2,.847,1.9,7.9,9.8,8.9,1.3,0.6,3.3,2.9,22.7,jokicni01
226,Damian Jones,C,27,LAL,11,1,7.5,0.9,1.9,.476,0.0,0.1,.000,0.9,1.8,.500,.476,0.6,0.9,.700,0.8,1.5,2.4,0.3,0.1,0.5,0.5,0.9,2.5,jonesda03
227,Derrick Jones Jr.,SF,25,CHI,16,0,12.7,1.4,3.4,.418,0.2,1.0,.188,1.3,2.4,.513,.445,1.8,2.1,.848,0.9,1.4,2.3,0.5,0.4,0.8,0.2,1.2,4.8,jonesde02
228,Herbert Jones,SF,24,NOP,17,17,28.2,3.7,8.4,.444,0.8,2.9,.286,2.9,5.5,.527,.493,2.4,3.2,.741,1.2,2.5,3.7,2.1,1.2,0.8,1.2,3.3,10.6,joneshe01
229,Kai Jones,C,22,CHO,12,0,8.4,1.3,2.6,.516,0.2,0.6,.286,1.2,2.0,.583,.548,0.4,0.7,.625,0.8,1.3,2.0,0.2,0.2,0.6,0.2,0.7,3.3,joneska01
230,Tre Jones,PG,23,SAS,21,21,30.1,4.6,11.0,.417,0.8,2.5,.321,3.8,8.4,.446,.454,2.4,2.6,.909,0.7,2.7,3.4,7.0,1.5,0.1,2.1,2.0,12.3,jonestr01
231,Tyus Jones,PG,26,MEM,21,3,23.9,4.0,9.1,.443,1.4,3.9,.370,2.6,5.3,.495,.521,0.7,1.0,.636,0.4,1.6,2.0,4.2,0.6,0.1,1.0,0.5,10.2,jonesty01
232,DeAndre Jordan,C,34,DEN,17,3,16.2,2.4,3.2,.759,0.1,0.1,1.000,2.4,3.1,.755,.769,0.7,1.5,.462,1.6,4.6,6.2,1.0,0.2,0.7,1.4,1.8,5.6,jordade01
233,Cory Joseph,PG,31,DET,18,2,14.1,1.8,4.3,.429,0.6,1.6,.379,1.2,2.7,.458,.500,0.5,0.8,.643,0.3,0.6,0.9,2.8,0.3,0.1,0.4,1.6,4.8,josepco01
234,Nikola Jović,PF,19,MIA,10,6,16.0,2.1,5.3,.396,0.5,2.5,.200,1.6,2.8,.571,.443,1.8,1.9,.947,0.7,1.9,2.6,1.0,0.6,0.1,0.8,1.2,6.5,jovicni01
235,Mfiondu Kabengele,PF,25,BOS,1,0,8.0,1.0,2.0,.500,0.0,1.0,.000,1.0,1.0,1.000,.500,0.0,0.0,,3.0,1.0,4.0,0.0,0.0,0.0,0.0,1.0,2.0,kabenmf01
236,Frank Kaminsky,C,29,ATL,10,0,6.1,0.7,1.2,.583,0.3,0.6,.500,0.4,0.6,.667,.708,0.4,0.4,1.000,0.0,1.2,1.2,0.6,0.0,0.0,0.3,1.0,2.1,kaminfr01
237,Trevor Keels,SG,19,NYK,1,0,1.0,0.0,1.0,.000,0.0,1.0,.000,0.0,0.0,,.000,0.0,0.0,,0.0,1.0,1.0,0.0,0.0,0.0,0.0,0.0,0.0,keelstr01
238,Luke Kennard,SG,26,LAC,14,7,21.3,2.9,5.7,.513,1.6,3.4,.479,1.3,2.3,.563,.656,0.2,0.2,1.000,0.3,2.6,2.9,0.6,0.6,0.0,1.1,1.4,7.7,kennalu01
239,Walker Kessler,C,21,UTA,21,0,15.3,2.1,3.0,.714,0.0,0.0,,2.1,3.0,.714,.714,0.7,1.4,.517,2.0,2.9,4.9,0.6,0.2,1.6,0.7,1.9,5.0,kesslwa01
240,Braxton Key,SF,25,DET,3,0,3.0,0.3,0.3,1.000,0.0,0.0,,0.3,0.3,1.000,1.000,0.7,0.7,1.000,0.0,0.3,0.3,0.0,0.0,0.0,0.0,0.0,1.3,keybr01
241,Corey Kispert,SF,23,WAS,14,9,26.1,3.2,6.2,.517,1.6,3.7,.423,1.6,2.5,.657,.644,1.0,1.4,.737,0.5,1.7,2.2,1.8,0.6,0.1,0.7,1.3,9.0,kispeco01
242,Maxi Kleber,C,31,DAL,17,0,25.4,1.9,4.3,.452,0.8,2.6,.311,1.1,1.6,.679,.548,0.6,0.8,.786,0.8,2.8,3.5,1.1,0.4,0.9,0.6,2.1,5.4,klebima01
243,Nathan Knight,PF,25,MIN,9,0,2.7,0.1,0.3,.333,0.0,0.1,.000,0.1,0.2,.500,.333,0.3,0.6,.600,0.0,0.7,0.7,0.0,0.3,0.0,0.2,0.2,0.6,knighna01
244,Kevin Knox,SF,23,DET,17,0,13.4,1.8,4.1,.443,0.9,2.6,.333,0.9,1.5,.640,.550,0.4,0.5,.667,0.5,1.8,2.2,0.4,0.4,0.4,0.5,1.5,4.9,knoxke01
245,Christian Koloko,C,22,TOR,21,9,16.5,1.4,3.0,.469,0.0,0.2,.000,1.4,2.9,.500,.469,1.1,1.7,.639,1.7,1.7,3.4,0.4,0.2,1.2,0.6,2.9,4.0,kolokch01
246,John Konchar,SG,26,MEM,20,12,27.5,3.1,6.6,.473,1.7,4.2,.410,1.4,2.4,.583,.603,0.5,0.6,.909,1.5,5.1,6.6,1.6,1.0,0.4,0.8,1.8,8.4,konchjo01
247,Furkan Korkmaz,SG,25,PHI,11,0,12.9,1.7,4.1,.422,0.7,2.1,.348,1.0,2.0,.500,.511,1.1,1.4,.800,0.4,1.0,1.4,1.0,0.3,0.2,0.7,0.6,5.3,korkmfu01
248,Luke Kornet,C,27,BOS,17,0,13.7,1.9,2.8,.681,0.1,0.3,.400,1.8,2.5,.714,.702,0.8,0.9,.933,1.3,2.5,3.8,0.9,0.1,1.1,0.5,1.8,4.7,kornelu01
249,Vit Krejci,PG,22,ATL,9,0,4.3,0.4,1.0,.444,0.3,0.9,.375,0.1,0.1,1.000,.611,0.0,0.0,,0.0,0.3,0.3,0.2,0.0,0.0,0.0,0.7,1.2,krejcvi01
250,Jonathan Kuminga,PF,20,GSW,18,2,15.7,2.2,5.1,.424,0.5,2.0,.250,1.7,3.1,.536,.473,1.0,1.3,.750,0.9,2.1,2.9,0.8,0.3,0.6,1.3,1.8,5.8,kuminjo01
251,Kyle Kuzma,PF,27,WAS,21,21,34.7,7.8,17.0,.459,2.3,7.4,.310,5.5,9.6,.574,.527,2.7,3.7,.731,1.0,6.9,7.9,3.6,0.3,0.4,2.4,2.6,20.6,kuzmaky01
252,Anthony Lamb,SF,25,GSW,14,2,18.2,2.4,4.4,.557,1.2,2.8,.436,1.2,1.6,.773,.697,0.1,0.1,1.000,0.8,2.7,3.5,1.6,0.7,0.1,1.1,2.4,6.1,lamban01
253,Jock Landale,C,27,PHO,18,0,13.4,2.6,4.9,.517,0.2,1.5,.111,2.4,3.4,.694,.534,1.4,1.7,.806,1.4,2.2,3.6,0.8,0.3,0.7,0.8,2.2,6.7,landajo01
254,Romeo Langford,SG,23,SAS,11,2,18.6,2.3,5.1,.446,0.3,1.5,.188,2.0,3.6,.550,.473,0.5,0.9,.600,1.8,1.0,2.8,0.8,0.6,0.4,0.9,1.6,5.4,langfro01
255,Jake LaRavia,PF,21,MEM,16,0,18.4,1.8,4.4,.414,1.2,3.1,.388,0.6,1.3,.476,.550,0.3,0.3,1.000,0.8,2.3,3.1,1.0,0.6,0.2,0.9,2.1,5.1,laravja01
256,Zach LaVine,SG,27,CHI,17,17,34.1,7.2,17.8,.407,2.8,8.1,.348,4.4,9.6,.457,.487,3.6,4.4,.827,0.7,3.5,4.2,4.4,1.1,0.1,2.1,2.4,20.9,lavinza01
257,A.J. Lawson,SG,22,MIN,1,0,2.0,1.0,1.0,1.000,0.0,0.0,,1.0,1.0,1.000,1.000,0.0,0.0,,0.0,1.0,1.0,0.0,0.0,0.0,0.0,1.0,2.0,lawsoaj01
258,Damion Lee,SG,30,PHO,21,0,21.0,2.7,5.9,.460,2.0,4.0,.494,0.8,2.0,.390,.625,0.9,1.0,.905,0.7,2.8,3.4,1.3,0.4,0.0,0.7,1.6,8.3,leeda03
259,Saben Lee,PG,23,PHI,2,0,5.0,1.5,2.0,.750,0.0,0.5,.000,1.5,1.5,1.000,.750,0.0,0.0,,0.0,0.0,0.0,1.0,0.5,0.0,1.5,0.5,3.0,leesa01
260,Alex Len,C,29,SAC,6,0,3.3,0.7,1.0,.667,0.0,0.0,,0.7,1.0,.667,.667,0.2,0.3,.500,0.5,0.8,1.3,0.2,0.0,0.0,0.0,0.5,1.5,lenal01
261,Kawhi Leonard,SF,31,LAC,5,3,22.4,3.8,9.0,.422,0.4,3.0,.133,3.4,6.0,.567,.444,2.0,2.6,.769,0.8,3.2,4.0,3.4,0.6,0.2,1.0,1.4,10.0,leonaka01
262,Caris LeVert,SG,28,CLE,18,14,32.1,4.1,10.7,.378,1.6,4.2,.387,2.4,6.6,.373,.453,2.2,2.8,.784,1.1,3.6,4.7,4.7,0.7,0.1,1.8,2.3,11.9,leverca01
263,Damian Lillard,PG,32,POR,11,11,35.2,7.6,18.1,.422,3.4,10.1,.333,4.3,8.0,.534,.515,7.6,8.7,.875,0.9,3.4,4.3,7.0,0.5,0.3,3.8,1.6,26.3,lillada01
264,Nassir Little,PF,22,POR,21,0,15.3,2.0,4.3,.473,0.8,2.0,.372,1.3,2.3,.563,.560,0.7,1.0,.667,0.3,2.0,2.4,0.9,0.4,0.1,0.7,0.8,5.5,littlna01
265,Isaiah Livers,PF,24,DET,22,7,19.5,1.9,4.7,.404,1.3,3.7,.358,0.6,1.0,.565,.543,0.7,0.9,.750,0.5,1.8,2.3,0.6,0.4,0.5,0.6,1.9,5.8,liveris01
266,Kenneth Lofton Jr.,PF,20,MEM,4,0,4.8,1.3,3.0,.417,0.0,0.3,.000,1.3,2.8,.455,.417,0.3,0.8,.333,0.3,0.5,0.8,0.8,0.0,0.0,0.3,0.8,2.8,loftoke01
267,Kevon Looney,C,26,GSW,22,22,22.7,2.7,4.1,.659,0.0,0.0,,2.7,4.1,.659,.659,0.8,1.2,.630,2.3,4.5,6.8,3.0,0.4,0.5,0.5,3.0,6.2,looneke01
268,Brook Lopez,C,34,MIL,20,20,31.1,5.8,11.5,.502,2.4,5.9,.402,3.4,5.6,.607,.605,1.6,2.0,.800,1.6,4.2,5.8,1.1,0.7,2.9,1.3,2.2,15.5,lopezbr01
269,Robin Lopez,C,34,CLE,16,1,10.4,1.6,2.5,.650,0.0,0.0,,1.6,2.5,.650,.650,0.6,0.8,.750,1.1,0.6,1.6,0.5,0.1,0.1,0.7,1.4,3.8,lopezro01
270,Kevin Love,PF,34,CLE,16,1,20.7,3.2,7.6,.418,2.3,5.6,.404,0.9,2.1,.455,.566,1.9,2.3,.861,0.8,6.4,7.2,2.5,0.1,0.2,1.1,1.4,10.6,loveke01
271,Kyle Lowry,PG,36,MIA,22,22,36.4,4.3,11.0,.391,2.4,6.7,.351,2.0,4.3,.453,.498,3.6,4.2,.859,0.8,4.0,4.8,6.1,1.1,0.6,2.5,2.8,14.6,lowryky01
272,Trey Lyles,PF,27,SAC,16,0,14.7,2.2,5.3,.412,1.3,3.8,.350,0.9,1.6,.560,.535,1.0,1.4,.727,1.1,1.8,2.8,0.8,0.4,0.4,1.1,1.1,6.7,lylestr01
273,Théo Maledon,PG,21,CHO,19,1,16.5,1.9,4.2,.456,0.6,1.6,.367,1.3,2.6,.510,.525,1.1,1.2,.870,0.2,2.3,2.4,2.5,0.8,0.2,1.3,1.1,5.4,maledth01
274,Sandro Mamukelashvili,C,23,MIL,9,0,5.6,0.7,1.9,.353,0.1,0.9,.125,0.6,1.0,.556,.382,0.4,0.9,.500,0.3,0.9,1.2,0.1,0.0,0.0,0.2,0.4,1.9,mamuksa01
275,Terance Mann,SG,26,LAC,23,11,21.3,3.2,5.7,.557,0.6,1.8,.333,2.6,3.9,.663,.611,1.0,1.4,.719,0.8,2.4,3.2,1.8,0.6,0.2,1.1,1.9,8.0,mannte01
276,Tre Mann,PG,21,OKC,19,4,22.6,3.8,9.7,.389,1.5,5.3,.287,2.3,4.4,.512,.468,0.5,0.8,.625,0.6,2.3,2.9,1.9,0.9,0.1,1.1,1.8,9.6,manntr01
277,Boban Marjanović,C,34,HOU,7,0,3.6,0.4,1.0,.429,0.0,0.1,.000,0.4,0.9,.500,.429,0.6,0.9,.667,0.1,0.9,1.0,0.1,0.1,0.1,0.3,0.1,1.4,marjabo01
278,Lauri Markkanen,SF,25,UTA,24,24,33.9,8.1,15.3,.531,2.5,6.3,.395,5.6,9.0,.628,.613,3.5,4.2,.822,2.3,6.2,8.5,2.2,0.5,0.7,2.1,2.1,22.2,markkla01
279,Naji Marshall,SF,25,NOP,19,4,20.2,2.4,5.8,.418,0.8,2.3,.341,1.6,3.5,.470,.486,1.0,1.3,.760,0.8,2.1,2.8,2.0,0.6,0.2,0.9,1.2,6.6,marshna01
280,Caleb Martin,PF,27,MIA,21,21,32.4,4.4,9.1,.484,1.4,3.4,.408,3.0,5.8,.529,.560,1.0,1.3,.786,1.9,3.3,5.2,2.1,1.3,0.4,1.2,2.0,11.3,martica02
281,Cody Martin,SF,27,CHO,1,0,1.0,0.0,0.0,,0.0,0.0,,0.0,0.0,,,0.0,0.0,,0.0,0.0,0.0,0.0,0.0,0.0,0.0,0.0,0.0,martico01
282,Kenyon Martin Jr.,SF,22,HOU,21,5,24.8,4.2,7.8,.543,1.0,3.0,.333,3.2,4.8,.673,.607,1.5,2.3,.646,1.4,3.9,5.3,1.5,0.4,0.5,1.3,1.8,11.0,martike04
283,Tyrese Martin,SG,23,ATL,7,0,3.0,0.4,0.9,.500,0.1,0.4,.333,0.3,0.4,.667,.583,0.0,0.0,,0.3,0.3,0.6,0.0,0.1,0.0,0.0,0.1,1.0,martity01
284,Garrison Mathews,SG,26,HOU,18,0,13.6,1.4,3.7,.379,1.3,3.5,.381,0.1,0.2,.333,.561,1.1,1.1,.950,0.1,1.0,1.1,0.4,0.4,0.1,0.3,1.5,5.2,mathega01
285,Bennedict Mathurin,SG,20,IND,21,0,28.0,6.0,13.7,.434,2.3,5.7,.403,3.7,8.0,.456,.517,5.0,6.1,.814,1.3,2.6,4.0,1.5,0.6,0.1,2.0,1.9,19.2,mathube01
286,Wesley Matthews,SG,36,MIL,17,0,15.8,1.1,3.4,.316,0.8,2.6,.311,0.2,0.7,.333,.439,0.4,0.5,.875,0.9,1.1,1.9,0.5,0.5,0.2,0.4,1.6,3.4,matthwe02
287,Tyrese Maxey,SG,22,PHI,15,15,36.4,8.4,18.2,.462,2.9,6.8,.422,5.5,11.4,.485,.540,3.2,4.3,.738,0.4,3.1,3.5,4.4,1.0,0.3,2.0,2.3,22.9,maxeyty01
288,Miles McBride,PG,22,NYK,10,0,5.9,0.9,2.2,.409,0.1,1.0,.100,0.8,1.2,.667,.432,0.1,0.4,.250,0.0,0.2,0.2,1.0,0.4,0.0,0.1,0.7,2.0,mcbrimi01
289,CJ McCollum,SG,31,NOP,17,17,35.1,7.4,17.9,.410,2.4,7.1,.342,4.9,10.9,.454,.477,1.6,2.0,.794,1.1,4.0,5.1,6.1,1.2,0.6,2.1,1.8,18.7,mccolcj01
290,T.J. McConnell,PG,30,IND,20,0,17.8,2.4,5.4,.449,0.2,0.6,.333,2.2,4.8,.463,.467,0.5,0.6,.909,0.7,1.9,2.5,4.5,1.3,0.3,1.8,1.2,5.5,mccontj01
291,Jaden McDaniels,PF,22,MIN,19,19,29.9,4.5,8.4,.535,1.1,2.9,.357,3.4,5.4,.631,.597,1.4,1.8,.765,1.4,2.1,3.5,1.4,1.1,1.4,1.5,3.7,11.4,mcdanja02
292,Jalen McDaniels,SF,25,CHO,21,3,25.8,3.6,8.1,.439,1.3,3.4,.375,2.3,4.7,.485,.518,1.3,1.5,.844,1.0,3.6,4.6,2.2,1.0,0.6,1.4,2.8,9.7,mcdanja01
293,Doug McDermott,SF,31,SAS,20,0,20.7,3.9,8.3,.473,2.0,4.8,.406,2.0,3.5,.565,.591,0.5,0.8,.625,0.3,1.6,1.9,1.5,0.1,0.2,1.0,1.7,10.3,mcderdo01
294,JaVale McGee,C,35,DAL,15,7,9.1,1.7,3.0,.578,0.0,0.0,,1.7,3.0,.578,.578,0.7,1.3,.550,0.7,1.9,2.6,0.3,0.2,0.5,1.0,1.2,4.2,mcgeeja01
295,Bryce McGowens,SG,20,CHO,6,0,9.0,1.3,2.7,.500,0.5,1.2,.429,0.8,1.5,.556,.594,1.2,1.2,1.000,0.0,0.7,0.7,1.2,0.3,0.3,0.3,0.3,4.3,mcgowbr01
296,Rodney McGruder,SG,31,DET,8,2,8.5,0.6,2.4,.263,0.4,1.8,.214,0.3,0.6,.400,.342,0.3,0.3,1.000,0.8,1.0,1.8,0.9,0.0,0.0,0.4,0.3,1.9,mcgruro01
297,Jordan McLaughlin,PG,26,MIN,15,0,15.8,1.5,3.5,.434,0.5,1.9,.241,1.1,1.6,.667,.500,0.4,0.4,1.000,0.3,1.3,1.6,3.7,0.8,0.1,0.6,0.4,3.9,mclaujo01
298,De'Anthony Melton,PG,24,PHI,20,13,28.1,4.2,10.2,.407,1.9,5.4,.355,2.3,4.9,.464,.500,0.7,1.1,.667,1.1,3.1,4.2,3.2,2.2,0.5,1.8,2.0,10.9,meltode01
299,Chimezie Metu,C,25,SAC,16,0,12.5,2.3,4.0,.578,0.2,1.0,.188,2.1,3.0,.708,.602,0.6,0.7,.909,0.7,2.6,3.3,0.7,0.3,0.2,0.6,1.1,5.4,metuch01
300,Patty Mills,PG,34,BRK,20,0,11.0,1.5,3.6,.423,1.1,2.8,.382,0.5,0.8,.563,.570,0.5,0.5,1.000,0.3,0.6,0.8,1.1,0.2,0.1,0.4,0.5,4.6,millspa02
301,Shake Milton,SG,26,PHI,18,7,23.3,4.5,8.4,.533,0.9,2.2,.400,3.6,6.2,.580,.586,1.6,1.9,.853,0.9,2.7,3.6,3.5,0.3,0.2,1.9,1.4,11.5,miltosh01
302,Josh Minott,SF,20,MIN,1,0,5.0,1.0,1.0,1.000,0.0,0.0,,1.0,1.0,1.000,1.000,2.0,2.0,1.000,2.0,1.0,3.0,1.0,0.0,1.0,0.0,1.0,4.0,minotjo01
303,Davion Mitchell,PG,24,SAC,20,1,19.1,2.7,5.9,.462,0.9,2.7,.340,1.8,3.2,.563,.538,0.4,0.6,.727,0.1,1.2,1.3,2.1,0.5,0.2,1.1,1.5,6.7,mitchda01
304,Donovan Mitchell,SG,26,CLE,20,20,36.4,9.8,20.0,.490,3.8,9.0,.422,6.0,11.0,.545,.585,5.0,5.7,.885,0.8,3.2,4.0,5.1,1.5,0.4,3.0,2.4,28.4,mitchdo01
305,Evan Mobley,PF,21,CLE,22,22,33.8,6.2,11.1,.555,0.2,0.9,.200,6.0,10.2,.587,.563,2.5,3.6,.684,2.7,6.3,9.0,2.3,0.9,1.4,2.2,2.8,15.0,mobleev01
306,Isaiah Mobley,PF,23,CLE,7,0,3.6,0.6,1.1,.500,0.1,0.3,.500,0.4,0.9,.500,.563,0.0,0.0,,0.1,1.4,1.6,0.0,0.1,0.0,0.0,0.3,1.3,mobleis01
307,Chima Moneke,SF,27,SAC,2,0,4.0,0.5,1.0,.500,0.0,0.0,,0.5,1.0,.500,.500,0.0,1.0,.000,1.0,0.0,1.0,0.5,0.0,0.0,1.0,1.0,1.0,monekch01
308,Malik Monk,SG,24,SAC,20,0,22.5,5.3,10.8,.488,2.0,5.6,.360,3.3,5.2,.625,.581,2.1,2.3,.891,0.4,1.8,2.2,4.4,0.7,0.2,1.9,1.8,14.6,monkma01
309,Moses Moody,SG,20,GSW,18,1,14.8,1.6,3.9,.394,0.8,2.6,.326,0.7,1.4,.520,.500,1.0,1.2,.818,0.3,1.6,1.8,0.6,0.4,0.3,1.1,0.7,4.9,moodymo01
310,Wendell Moore Jr.,SG,21,MIN,5,1,6.4,0.6,2.0,.300,0.2,1.0,.200,0.4,1.0,.400,.350,0.4,0.6,.667,0.2,1.0,1.2,0.4,0.2,0.2,0.4,1.0,1.8,moorewe01
311,Ja Morant,PG,23,MEM,18,18,33.0,9.8,20.9,.468,1.8,4.7,.376,8.0,16.2,.495,.511,6.9,9.3,.743,1.3,4.9,6.3,7.6,1.1,0.3,3.9,1.8,28.2,moranja01
312,Marcus Morris,PF,33,LAC,21,21,30.2,5.5,12.0,.458,2.0,5.3,.375,3.5,6.6,.525,.542,1.1,1.5,.742,0.4,4.5,5.0,2.0,0.8,0.4,1.0,2.2,14.0,morrima03
313,Markieff Morris,PF,33,BRK,13,0,10.2,1.2,2.9,.395,0.9,2.0,.462,0.2,0.9,.250,.553,0.0,0.0,,0.4,1.7,2.1,1.0,0.4,0.2,0.6,1.2,3.2,morrima02
314,Monte Morris,PG,27,WAS,19,19,27.1,3.4,7.8,.439,1.1,3.0,.368,2.3,4.8,.484,.510,0.8,1.1,.714,0.4,3.3,3.7,5.1,0.8,0.2,0.8,1.3,8.7,morrimo01
315,Trey Murphy III,SF,22,NOP,19,9,28.1,4.4,9.1,.488,2.4,5.7,.413,2.1,3.3,.619,.619,1.8,1.9,.946,1.3,3.2,4.5,1.2,1.1,0.5,0.8,1.7,13.1,murphtr02
316,Dejounte Murray,SG,26,ATL,22,22,36.9,8.3,18.7,.443,2.1,6.0,.346,6.2,12.6,.489,.499,2.2,2.5,.875,0.7,5.1,5.8,6.6,1.9,0.4,2.7,1.7,20.9,murrade01
317,Jamal Murray,PG,25,DEN,17,17,29.5,6.9,15.5,.445,1.9,5.1,.379,4.9,10.4,.477,.508,2.1,2.7,.783,0.6,3.2,3.8,4.8,1.0,0.2,1.9,1.2,17.8,murraja01
318,Keegan Murray,SF,22,SAC,18,16,28.6,3.9,9.8,.398,1.8,5.6,.317,2.1,4.2,.507,.489,1.1,1.2,.864,0.9,3.1,3.9,0.9,0.7,0.6,1.7,2.1,10.6,murrake02
319,Mike Muscala,C,31,OKC,14,1,12.8,2.1,4.8,.433,1.0,3.1,.318,1.1,1.6,.652,.537,0.9,1.1,.750,0.5,3.0,3.5,0.8,0.1,0.6,0.5,1.7,6.0,muscami01
320,Svi Mykhailiuk,SF,25,NYK,6,0,2.7,0.5,0.8,.600,0.5,0.5,1.000,0.0,0.3,.000,.900,0.2,0.5,.333,0.0,0.7,0.7,0.0,0.0,0.0,0.2,0.0,1.7,mykhasv01
321,Larry Nance Jr.,PF,30,NOP,19,0,22.3,4.1,6.2,.667,0.4,0.8,.467,3.7,5.4,.696,.697,0.8,1.1,.762,1.7,3.6,5.3,1.9,0.8,0.8,1.0,2.1,9.4,nancela02
322,Andrew Nembhard,SG,23,IND,16,7,21.1,2.6,5.8,.452,1.3,3.3,.404,1.3,2.6,.512,.565,0.4,0.4,1.000,0.4,1.9,2.3,3.0,0.8,0.2,1.0,2.5,7.0,nembhan01
323,Aaron Nesmith,SF,23,IND,17,9,21.9,2.5,6.9,.364,1.4,4.1,.343,1.1,2.8,.396,.466,1.1,1.4,.792,0.5,2.7,3.2,1.3,0.5,0.6,1.1,2.7,7.6,nesmiaa01
324,Raul Neto,PG,30,CLE,15,0,8.9,1.1,2.4,.472,0.3,0.9,.308,0.9,1.5,.565,.528,0.5,0.5,.875,0.1,0.7,0.9,1.1,0.4,0.0,0.4,0.6,3.0,netora01
325,Georges Niang,PF,29,PHI,22,0,19.9,3.4,7.3,.469,2.4,5.4,.441,1.0,1.9,.548,.631,0.6,0.7,.867,0.2,2.0,2.1,1.1,0.4,0.3,0.7,2.2,9.8,niangge01
326,Daishen Nix,PG,20,HOU,19,0,14.8,1.1,3.1,.356,0.8,2.1,.375,0.3,1.0,.316,.483,0.4,0.5,.700,0.2,1.3,1.5,2.2,0.7,0.2,1.4,0.9,3.4,nixda01
327,Zeke Nnaji,PF,22,DEN,16,0,10.3,2.0,3.4,.593,0.2,0.8,.231,1.8,2.6,.707,.620,0.5,0.6,.800,1.0,0.4,1.4,0.1,0.2,0.1,0.5,1.6,4.7,nnajize01
328,Nerlens Noel,C,28,DET,6,0,10.3,0.7,2.2,.308,0.0,0.0,,0.7,2.2,.308,.308,0.5,0.7,.750,0.5,2.7,3.2,0.5,0.8,0.3,0.5,1.5,1.8,noelne01
329,Jaylen Nowell,SG,23,MIN,22,0,17.9,4.3,10.0,.430,1.3,4.2,.315,3.0,5.9,.512,.495,1.1,1.4,.774,0.6,2.1,2.8,2.0,0.6,0.1,1.0,1.4,11.0,nowelja01
330,Frank Ntilikina,PG,24,DAL,5,0,5.8,0.6,1.6,.375,0.2,1.0,.200,0.4,0.6,.667,.438,0.0,0.0,,0.0,1.0,1.0,0.6,0.4,0.0,0.2,0.4,1.4,ntilila01
331,Kendrick Nunn,PG,27,LAL,18,2,13.9,2.2,6.1,.364,0.9,3.1,.291,1.3,3.1,.436,.436,0.4,0.5,.889,0.1,1.3,1.4,1.3,0.1,0.1,1.3,0.8,5.8,nunnke01
332,Jusuf Nurkić,C,28,POR,19,19,29.3,5.4,10.6,.507,0.7,1.6,.419,4.7,8.9,.524,.540,2.8,3.7,.746,2.8,7.2,10.0,2.7,0.7,0.8,2.6,3.3,14.2,nurkiju01
333,Jordan Nwora,SF,24,MIL,19,1,18.4,2.1,6.3,.333,1.2,3.3,.349,0.9,3.0,.316,.425,1.2,1.4,.885,0.8,2.9,3.7,1.2,0.3,0.2,0.9,1.1,6.6,nworajo01
334,Royce O'Neale,SF,29,BRK,23,23,35.8,3.4,8.7,.392,2.3,5.6,.414,1.1,3.1,.352,.525,0.7,0.9,.762,0.9,4.3,5.2,4.7,1.2,0.7,1.7,3.2,9.8,onealro01
335,Chuma Okeke,PF,24,ORL,18,7,21.8,1.8,4.8,.368,1.0,3.3,.300,0.8,1.5,.519,.471,0.9,1.2,.762,1.2,3.1,4.2,1.4,0.6,0.5,0.5,1.9,5.4,okekech01
336,Josh Okogie,SG,24,PHO,18,0,6.2,0.5,1.7,.290,0.1,0.8,.071,0.4,0.9,.471,.306,0.4,0.6,.700,0.6,0.9,1.5,0.3,0.4,0.3,0.5,1.1,1.4,okogijo01
337,Onyeka Okongwu,C,22,ATL,21,2,20.6,3.1,5.0,.635,0.0,0.1,.000,3.1,4.9,.647,.635,1.2,1.7,.743,2.2,3.9,6.1,1.0,0.5,0.8,0.9,3.0,7.5,okongon01
338,Isaac Okoro,SG,22,CLE,22,4,19.4,1.5,3.6,.405,0.3,1.6,.200,1.1,2.0,.568,.449,1.0,1.3,.821,0.6,1.6,2.2,0.6,0.7,0.1,0.8,2.2,4.3,okorois01
339,KZ Okpala,PF,23,SAC,12,3,7.8,0.6,1.2,.500,0.3,0.6,.429,0.3,0.6,.571,.607,0.3,0.3,1.000,0.3,0.8,1.2,0.4,0.2,0.2,0.1,1.2,1.8,okpalkz01
340,Kelly Olynyk,PF,31,UTA,24,24,28.5,4.6,8.2,.558,1.6,3.4,.476,3.0,4.8,.617,.657,2.3,2.9,.797,1.4,3.5,4.9,3.2,1.3,0.8,2.2,4.0,13.1,olynyke01
341,Eugene Omoruyi,SF,25,OKC,8,0,11.9,2.1,4.1,.515,0.8,1.6,.462,1.4,2.5,.550,.606,0.9,1.4,.636,0.8,1.0,1.8,0.3,0.4,0.0,0.6,2.6,5.9,omorueu01
342,Cedi Osman,SF,27,CLE,22,0,23.0,3.3,7.3,.453,1.5,4.1,.352,1.9,3.2,.586,.553,1.1,1.5,.727,0.3,2.7,3.0,1.6,0.3,0.1,1.0,2.0,9.2,osmande01
343,Kelly Oubre Jr.,SF,27,CHO,21,21,31.4,7.5,17.1,.436,2.3,7.4,.310,5.2,9.8,.532,.503,2.4,3.4,.718,1.5,3.8,5.2,1.2,1.7,0.3,1.2,3.1,19.7,oubreke01
344,Chris Paul,PG,37,PHO,10,10,30.2,2.8,7.6,.368,0.9,3.3,.273,1.9,4.3,.442,.428,3.0,3.4,.882,0.5,4.0,4.5,9.4,1.7,0.2,1.5,2.3,9.5,paulch01
345,Cameron Payne,PG,28,PHO,19,11,25.5,4.9,11.7,.417,1.8,4.6,.398,3.1,7.1,.430,.496,1.4,1.8,.771,0.4,2.2,2.6,5.2,0.9,0.3,2.2,2.4,13.1,payneca01
346,Theo Pinson,SG,27,DAL,5,0,3.2,0.2,0.4,.500,0.0,0.2,.000,0.2,0.2,1.000,.500,0.4,0.4,1.000,0.0,1.0,1.0,0.2,0.0,0.0,0.2,0.2,0.8,pinsoth01
347,Scotty Pippen Jr.,PG,22,LAL,2,0,4.0,0.0,1.0,.000,0.0,0.0,,0.0,1.0,.000,.000,1.5,2.0,.750,0.5,0.5,1.0,0.0,0.0,0.0,0.5,1.0,1.5,pippesc02
348,Mason Plumlee,C,32,CHO,21,21,27.1,3.3,5.8,.574,0.0,0.0,,3.3,5.8,.574,.574,2.2,3.9,.561,2.9,6.0,8.9,4.2,0.6,0.6,2.0,3.2,8.9,plumlma01
349,Jakob Poeltl,C,27,SAS,20,20,27.3,5.7,8.9,.640,0.0,0.0,,5.7,8.9,.640,.640,1.5,2.8,.518,3.9,6.0,9.9,3.5,0.9,1.0,2.4,2.3,12.9,poeltja01
350,Aleksej Pokusevski,PF,21,OKC,19,15,22.9,3.8,8.1,.468,1.4,3.3,.413,2.4,4.8,.505,.552,0.6,1.0,.579,1.7,3.3,4.9,1.6,0.7,1.6,1.4,1.8,9.5,pokusal01
351,Jordan Poole,SG,23,GSW,22,4,27.5,5.5,13.1,.415,2.1,6.9,.305,3.4,6.3,.536,.495,2.9,3.5,.842,0.3,1.7,2.0,4.6,0.9,0.3,3.0,2.3,15.9,poolejo01
352,Kevin Porter Jr.,PG,22,HOU,20,20,34.5,6.6,15.7,.417,2.1,5.8,.362,4.5,9.9,.449,.484,3.8,5.1,.735,1.6,4.3,5.9,6.0,1.3,0.5,3.8,2.9,19.0,porteke02
353,Michael Porter Jr.,SF,24,DEN,16,16,29.1,6.0,12.9,.466,2.9,6.9,.427,3.1,6.0,.510,.580,1.5,1.9,.800,1.2,4.8,6.0,1.3,0.6,0.4,1.1,2.6,16.4,portemi01
354,Otto Porter Jr.,SF,29,TOR,8,2,18.3,1.9,3.8,.500,0.8,2.1,.353,1.1,1.6,.692,.600,1.0,1.0,1.000,0.8,1.6,2.4,1.0,1.4,0.0,0.5,0.9,5.5,porteot01
355,Bobby Portis,PF,27,MIL,20,5,27.0,5.5,11.6,.474,1.3,3.8,.329,4.3,7.8,.545,.528,1.1,1.4,.778,2.5,8.1,10.6,2.2,0.4,0.4,1.1,1.8,13.3,portibo01
356,Kristaps Porziņģis,PF,27,WAS,21,21,32.2,7.3,15.3,.475,2.2,5.9,.382,5.0,9.5,.533,.548,4.8,6.0,.795,2.2,6.5,8.7,2.5,0.8,1.6,1.8,3.3,21.6,porzikr01
357,Micah Potter,PF,24,UTA,2,0,6.0,1.0,1.0,1.000,0.0,0.0,,1.0,1.0,1.000,1.000,0.0,0.0,,0.5,1.0,1.5,0.5,0.0,0.0,0.0,1.0,2.0,pottemi01
358,Dwight Powell,C,31,DAL,18,14,17.1,2.3,3.3,.700,0.0,0.1,.000,2.3,3.3,.712,.700,1.3,2.1,.622,1.5,1.5,3.0,0.5,0.6,0.4,0.9,2.4,5.9,poweldw01
359,Norman Powell,SG,29,LAC,22,5,25.3,5.1,11.2,.459,1.6,4.3,.379,3.5,6.9,.510,.533,2.9,3.7,.780,0.4,2.5,2.9,1.5,0.8,0.3,1.8,1.8,14.8,powelno01
360,Jason Preston,PG,23,LAC,3,0,4.0,0.7,1.3,.500,0.3,0.7,.500,0.3,0.7,.500,.625,0.0,0.7,.000,0.3,0.0,0.3,0.7,0.0,0.0,0.0,0.3,1.7,prestja01
361,Joshua Primo,SG,20,SAS,4,0,23.3,2.3,6.5,.346,0.8,3.0,.250,1.5,3.5,.429,.404,1.8,2.3,.778,0.5,2.8,3.3,4.5,0.3,0.5,2.8,2.0,7.0,primojo01
362,Taurean Prince,SF,28,MIN,18,0,19.6,2.8,5.7,.495,1.2,3.0,.389,1.7,2.7,.612,.597,1.1,1.2,.864,0.3,2.2,2.5,1.2,0.3,0.2,1.2,2.4,7.9,princta02
363,Payton Pritchard,PG,25,BOS,13,0,11.8,1.9,4.6,.417,1.1,2.7,.400,0.8,1.9,.440,.533,0.4,0.6,.625,0.6,0.9,1.5,1.2,0.4,0.1,0.8,0.4,5.3,pritcpa01
364,Immanuel Quickley,PG,23,NYK,22,0,22.5,3.2,8.2,.387,1.2,3.9,.302,2.0,4.3,.463,.459,1.8,2.1,.870,0.6,3.8,4.4,3.2,1.1,0.1,1.3,1.8,9.4,quickim01
365,Julius Randle,PF,28,NYK,22,22,33.2,7.3,15.7,.462,2.1,6.5,.331,5.1,9.3,.554,.530,4.5,5.8,.766,2.2,6.4,8.6,3.5,0.8,0.2,2.8,3.4,21.1,randlju01
366,Austin Reaves,SG,24,LAL,20,8,28.8,3.4,6.2,.540,1.2,2.9,.397,2.2,3.3,.667,.633,3.0,3.3,.909,0.8,2.6,3.3,2.1,0.5,0.4,1.1,1.5,10.9,reaveau01
367,Cam Reddish,SF,23,NYK,19,8,22.6,3.2,6.9,.462,0.9,2.8,.315,2.3,4.1,.564,.527,1.5,1.7,.879,0.4,1.3,1.6,1.0,0.8,0.4,0.6,1.6,8.8,reddica01
368,Davon Reed,SG,27,DEN,16,1,11.3,0.9,3.1,.286,0.6,1.8,.357,0.3,1.3,.190,.388,0.5,0.6,.800,0.2,1.5,1.7,0.4,0.3,0.1,0.8,1.2,2.9,reedda01
369,Paul Reed,C,23,PHI,19,0,12.3,1.5,2.5,.604,0.0,0.2,.000,1.5,2.4,.644,.604,0.3,0.4,.750,1.4,2.8,4.2,0.6,1.1,0.7,0.8,2.4,3.4,reedpa01
370,Naz Reid,C,23,MIN,16,0,13.5,3.0,5.7,.527,0.7,2.3,.306,2.3,3.4,.673,.588,0.9,1.4,.652,0.4,2.1,2.6,0.6,0.3,0.8,0.7,2.3,7.6,reidna01
371,Nick Richards,C,25,CHO,21,0,19.7,3.6,5.9,.610,0.0,0.0,,3.6,5.9,.610,.610,2.3,3.1,.738,3.0,3.6,6.7,0.7,0.1,0.9,1.0,2.2,9.4,richani01
372,Josh Richardson,SG,29,SAS,17,2,22.8,3.5,8.6,.404,1.7,4.7,.363,1.8,3.9,.455,.503,1.6,1.9,.844,0.4,1.8,2.2,3.0,0.7,0.1,1.7,1.8,10.2,richajo01
373,Austin Rivers,SG,30,MIN,12,2,12.8,0.8,2.3,.357,0.3,1.5,.222,0.5,0.8,.600,.429,0.8,0.9,.909,0.0,1.1,1.1,0.7,0.1,0.1,0.3,0.9,2.8,riverau01
374,Duncan Robinson,SF,28,MIA,17,0,17.2,2.1,5.9,.360,1.4,4.3,.315,0.8,1.6,.481,.475,0.5,0.6,.900,0.2,1.8,2.1,1.2,0.2,0.0,0.6,1.9,6.1,robindu01
375,Mitchell Robinson,C,24,NYK,14,13,22.7,3.4,4.6,.723,0.0,0.0,,3.4,4.6,.723,.723,0.9,1.9,.444,3.8,3.7,7.5,0.9,0.5,2.1,0.6,3.2,7.6,robinmi01
376,Orlando Robinson,C,22,MIA,2,0,20.0,3.0,6.5,.462,0.0,1.5,.000,3.0,5.0,.600,.462,1.0,1.5,.667,1.0,3.5,4.5,0.5,1.0,0.5,0.5,2.5,7.0,robinor01
377,Jeremiah Robinson-Earl,PF,22,OKC,21,14,20.6,3.2,6.6,.493,1.2,3.1,.400,2.0,3.5,.575,.587,0.8,1.0,.727,1.6,3.2,4.9,1.0,0.8,0.5,0.5,1.9,8.5,robinje02
378,Isaiah Roby,PF,24,SAS,17,0,13.0,1.9,4.1,.457,0.6,1.7,.379,1.2,2.4,.512,.536,0.5,1.1,.444,0.4,2.2,2.6,1.3,0.4,0.4,0.5,1.4,4.9,robyis01
379,David Roddy,PF,21,MEM,21,0,18.1,2.3,5.9,.390,1.0,3.2,.313,1.3,2.7,.482,.476,0.6,0.8,.750,0.8,1.9,2.7,0.5,0.4,0.2,0.7,1.6,6.1,roddyda01
380,Ryan Rollins,PG,20,GSW,7,0,6.1,0.7,2.1,.333,0.4,1.1,.375,0.3,1.0,.286,.433,0.3,0.3,1.000,0.1,0.9,1.0,0.4,0.0,0.0,1.7,1.3,2.1,rolliry01
381,Derrick Rose,PG,34,NYK,20,0,13.6,2.6,6.5,.403,0.9,2.4,.362,1.8,4.1,.427,.469,0.5,0.5,1.000,0.4,1.4,1.8,2.0,0.4,0.3,0.9,0.7,6.6,rosede01
382,Terrence Ross,SG,31,ORL,19,8,24.7,3.4,8.1,.422,1.7,4.4,.386,1.7,3.7,.465,.526,0.5,0.7,.692,0.3,1.9,2.2,1.4,0.7,0.2,1.3,1.7,9.0,rosste01
383,Terry Rozier,PG,28,CHO,13,13,37.2,7.9,20.8,.380,2.6,8.7,.301,5.3,12.2,.437,.443,2.1,2.6,.794,1.5,3.2,4.7,5.6,0.6,0.2,2.8,1.9,20.5,roziete01
384,D'Angelo Russell,PG,26,MIN,22,22,31.3,5.3,12.5,.425,1.9,6.0,.318,3.4,6.5,.524,.502,1.9,2.5,.759,0.6,2.7,3.4,6.7,1.3,0.6,2.7,2.0,14.4,russeda01
385,Matt Ryan,SF,25,LAL,12,0,10.8,1.3,4.1,.306,1.1,2.9,.371,0.2,1.2,.143,.439,0.3,0.4,.800,0.2,1.0,1.2,0.3,0.2,0.0,0.3,1.2,3.9,ryanma01
386,Domantas Sabonis,PF,26,SAC,20,20,32.2,6.1,10.4,.585,0.4,1.2,.292,5.7,9.2,.623,.601,4.2,5.7,.743,2.2,8.8,11.0,6.4,0.8,0.5,2.6,3.8,16.7,sabondo01
387,Dario Šarić,PF,28,PHO,8,0,9.4,1.0,3.3,.308,0.3,1.3,.200,0.8,2.0,.375,.346,0.4,0.5,.750,1.4,1.9,3.3,0.9,0.4,0.0,0.5,1.4,2.6,saricda01
388,Jordan Schakel,SF,24,WAS,2,0,3.0,0.5,1.0,.500,0.5,0.5,1.000,0.0,0.5,.000,.750,0.0,0.0,,0.0,0.0,0.0,0.5,0.5,0.0,0.0,0.5,1.5,schakjo01
389,Admiral Schofield,PF,25,ORL,12,0,11.2,1.3,2.8,.455,0.7,1.8,.381,0.6,1.0,.583,.576,0.0,0.0,,0.8,0.9,1.7,0.4,0.1,0.1,0.3,2.0,3.2,schofad01
390,Dennis Schröder,PG,29,LAL,7,4,25.3,2.7,6.9,.396,0.7,2.1,.333,2.0,4.7,.424,.448,2.3,2.6,.889,0.1,1.6,1.7,3.6,0.6,0.0,1.0,1.9,8.4,schrode01
391,Dereon Seabron,SG,22,NOP,2,0,1.5,0.0,0.0,,0.0,0.0,,0.0,0.0,,,0.0,0.0,,0.0,0.0,0.0,0.0,0.0,0.0,0.0,0.0,0.0,seabrde01
392,Alperen Şengün,C,20,HOU,18,15,26.8,5.8,10.6,.550,0.2,1.2,.190,5.6,9.4,.594,.560,3.6,4.5,.802,3.4,5.7,9.1,2.3,0.7,1.0,2.3,3.6,15.5,sengual01
393,Collin Sexton,SG,24,UTA,24,7,24.0,4.9,9.9,.492,0.9,2.6,.355,4.0,7.3,.540,.538,3.2,3.9,.819,0.9,1.7,2.5,3.0,0.6,0.1,1.8,2.3,13.9,sextoco01
394,Landry Shamet,SG,25,PHO,12,0,16.5,2.3,5.3,.422,1.5,3.8,.400,0.8,1.6,.474,.563,0.9,1.1,.846,0.3,0.7,0.9,1.0,0.5,0.2,0.9,1.4,6.9,shamela01
395,Day'Ron Sharpe,C,21,BRK,14,0,7.9,1.0,2.1,.467,0.1,0.2,.667,0.9,1.9,.444,.500,0.6,0.9,.667,0.9,2.0,2.9,0.6,0.2,0.5,0.6,1.7,2.7,sharpda01
396,Shaedon Sharpe,SG,19,POR,21,5,20.3,3.3,6.9,.483,1.0,2.5,.385,2.4,4.4,.538,.552,0.6,1.0,.650,0.7,1.6,2.3,0.5,0.2,0.2,0.8,1.6,8.2,sharpsh01
397,Pascal Siakam,C,28,TOR,11,11,34.9,8.7,17.9,.487,1.4,3.9,.349,7.4,14.0,.526,.525,5.2,7.1,.731,1.7,7.5,9.2,7.1,0.9,0.6,2.8,3.2,24.0,siakapa01
398,Ben Simmons,PG,26,BRK,17,12,28.1,3.6,5.9,.614,0.0,0.1,.000,3.6,5.9,.620,.614,1.1,1.9,.545,1.0,5.6,6.6,5.8,1.2,0.7,2.3,3.8,8.4,simmobe01
399,Marko Simonovic,C,23,CHI,1,0,2.0,0.0,1.0,.000,0.0,1.0,.000,0.0,0.0,,.000,0.0,0.0,,0.0,0.0,0.0,0.0,0.0,0.0,0.0,0.0,0.0,simonma01
400,Anfernee Simons,SG,23,POR,20,20,37.0,8.2,19.2,.428,4.1,10.7,.380,4.2,8.5,.488,.534,3.4,3.8,.882,0.4,2.8,3.1,4.5,1.0,0.2,2.0,2.2,23.8,simonan01
401,Jericho Sims,C,24,NYK,15,2,13.9,2.1,2.7,.756,0.0,0.0,,2.1,2.7,.756,.756,0.5,0.7,.800,2.3,2.6,4.9,0.5,0.3,1.0,0.5,2.1,4.7,simsje01
402,Marcus Smart,PG,28,BOS,20,20,32.4,4.1,9.2,.440,1.8,5.0,.360,2.3,4.2,.536,.538,1.6,1.9,.865,0.4,2.8,3.2,7.6,1.1,0.3,2.2,3.1,11.5,smartma01
403,Dennis Smith Jr.,PG,25,CHO,15,11,27.9,4.1,8.9,.463,0.7,2.0,.333,3.5,6.9,.500,.500,0.4,0.8,.500,0.6,2.7,3.3,5.7,1.8,0.7,1.5,2.3,9.3,smithde03
404,Dru Smith,SG,25,MIA,3,0,14.0,1.3,3.0,.444,0.3,1.0,.333,1.0,2.0,.500,.500,0.0,0.0,,0.0,2.3,2.3,0.7,1.0,1.0,0.3,2.0,3.0,smithdr01
405,Ish Smith,PG,34,DEN,8,0,10.6,1.5,4.0,.375,0.1,0.5,.250,1.4,3.5,.393,.391,0.0,0.0,,0.1,1.1,1.3,2.4,0.3,0.6,0.9,0.6,3.1,smithis01
406,Jabari Smith Jr.,PF,19,HOU,20,20,30.1,3.9,10.9,.353,2.2,6.3,.344,1.7,4.7,.366,.452,1.8,2.1,.857,1.4,5.7,7.0,0.9,0.4,1.0,1.1,3.4,11.7,smithja05
407,Jalen Smith,PF,22,IND,21,21,23.8,4.1,9.3,.444,1.2,4.1,.299,2.9,5.2,.560,.510,1.9,2.4,.765,1.8,5.4,7.2,1.0,0.3,0.9,1.3,2.2,11.4,smithja04
408,Jeremy Sochan,PF,19,SAS,20,20,24.9,3.6,7.5,.473,0.4,2.2,.182,3.2,5.3,.594,.500,0.6,1.0,.550,1.3,2.8,4.1,2.0,1.0,0.5,1.6,2.6,8.1,sochaje01
409,Jaden Springer,PG,20,PHI,2,0,2.0,1.0,1.5,.667,0.0,0.0,,1.0,1.5,.667,.667,0.5,1.0,.500,0.5,0.5,1.0,0.0,0.0,0.5,0.0,0.5,2.5,sprinja01
410,Lamar Stevens,PF,25,CLE,9,6,21.6,2.4,5.1,.478,0.6,1.3,.417,1.9,3.8,.500,.533,1.8,2.1,.842,0.8,1.8,2.6,0.3,0.2,0.7,0.6,1.8,7.2,stevela01
411,Isaiah Stewart,C,21,DET,17,17,27.5,3.9,8.5,.462,1.4,3.9,.358,2.5,4.6,.551,.545,2.9,3.9,.746,2.8,6.5,9.2,1.4,0.5,0.7,1.1,2.9,12.2,stewais01
412,Max Strus,SF,26,MIA,20,13,34.2,5.6,13.0,.432,3.2,8.7,.364,2.5,4.3,.570,.554,1.4,1.5,.900,0.6,3.1,3.6,1.8,0.8,0.3,1.3,2.4,15.7,strusma01
413,Jalen Suggs,PG,21,ORL,14,13,28.9,4.6,11.1,.419,1.4,4.9,.294,3.2,6.2,.517,.484,1.6,2.5,.657,1.1,2.2,3.3,5.4,1.6,0.6,3.4,3.1,12.4,suggsja01
414,Edmond Sumner,SG,27,BRK,19,8,15.4,2.4,5.5,.438,0.6,2.2,.293,1.8,3.4,.531,.495,1.6,1.7,.939,0.3,1.1,1.4,1.2,0.9,0.3,1.1,1.4,7.1,sumneed01
415,Cole Swider,SF,23,LAL,1,0,2.0,0.0,1.0,.000,0.0,1.0,.000,0.0,0.0,,.000,0.0,0.0,,0.0,1.0,1.0,1.0,0.0,0.0,0.0,0.0,0.0,swideco01
416,Jae'Sean Tate,SF,27,HOU,3,2,22.7,3.3,6.7,.500,0.7,1.7,.400,2.7,5.0,.533,.550,1.0,1.3,.750,2.7,1.7,4.3,3.3,1.0,0.0,1.7,5.0,8.3,tateja01
417,Jayson Tatum,PF,24,BOS,21,21,36.7,10.3,21.1,.488,3.5,9.6,.366,6.8,11.5,.589,.571,7.5,8.6,.873,0.9,6.9,7.8,4.5,0.9,1.1,2.3,2.1,31.6,tatumja01
418,Terry Taylor,SG,23,IND,13,2,9.3,0.8,2.2,.379,0.2,0.7,.222,0.7,1.5,.450,.414,0.3,0.4,.800,0.7,0.9,1.6,0.5,0.2,0.3,0.3,1.0,2.2,taylote01
419,Garrett Temple,SG,36,NOP,7,0,9.6,1.3,2.9,.450,0.7,1.7,.417,0.6,1.1,.500,.575,0.4,0.6,.750,0.1,0.7,0.9,0.4,0.9,0.1,0.4,0.9,3.7,templga01
420,Dalen Terry,SG,20,CHI,10,0,3.3,0.3,1.1,.273,0.1,0.4,.250,0.2,0.7,.286,.318,0.3,0.4,.750,0.0,0.2,0.2,0.5,0.1,0.2,0.4,0.2,1.0,terryda01
421,Cam Thomas,SG,21,BRK,17,0,15.5,2.1,5.5,.376,0.4,1.2,.286,1.7,4.2,.403,.409,2.1,2.6,.795,0.1,1.4,1.5,1.6,0.5,0.2,0.8,1.0,6.5,thomaca02
422,Klay Thompson,SG,32,GSW,18,18,29.7,6.1,15.1,.401,3.7,9.5,.392,2.3,5.6,.416,.524,1.2,1.4,.808,0.4,3.2,3.6,2.2,0.7,0.3,1.7,1.8,17.0,thompkl01
423,JT Thor,PF,20,CHO,14,0,10.4,0.9,2.7,.316,0.3,1.4,.200,0.6,1.3,.444,.368,0.5,0.6,.778,0.6,1.5,2.1,0.6,0.2,0.4,0.6,0.6,2.5,thorjt01
424,Matisse Thybulle,SG,25,PHI,18,3,11.6,0.7,2.1,.324,0.3,1.2,.227,0.4,0.8,.467,.392,0.1,0.2,.333,0.2,1.0,1.2,0.4,0.8,0.3,0.2,1.2,1.7,thybuma01
425,Xavier Tillman Sr.,PF,24,MEM,9,0,10.4,1.4,2.7,.542,0.1,0.4,.250,1.3,2.2,.600,.563,0.3,1.1,.300,1.2,1.3,2.6,0.7,0.1,0.2,0.8,0.9,3.3,tillmxa01
426,Isaiah Todd,PF,21,WAS,4,0,3.3,0.3,1.0,.250,0.0,0.8,.000,0.3,0.3,1.000,.250,0.0,0.0,,0.0,0.0,0.0,0.0,0.0,0.0,0.0,0.0,0.5,toddis01
427,Obi Toppin,PF,24,NYK,22,0,17.5,3.1,7.1,.436,1.5,4.0,.371,1.6,3.0,.522,.542,0.5,0.6,.846,0.6,3.1,3.7,1.0,0.4,0.2,0.8,1.2,8.2,toppiob01
428,Juan Toscano-Anderson,SF,29,LAL,12,0,10.6,0.8,2.1,.400,0.2,0.9,.182,0.7,1.2,.571,.440,0.3,0.4,.800,0.1,1.8,1.8,0.5,0.3,0.3,0.7,1.4,2.2,toscaju01
429,Karl-Anthony Towns,PF,27,MIN,21,21,33.8,7.3,14.4,.505,1.8,5.6,.325,5.5,8.9,.618,.568,4.4,5.0,.885,1.7,6.5,8.2,5.3,0.8,0.7,3.1,3.9,20.8,townska01
430,Gary Trent Jr.,SG,24,TOR,18,16,31.4,5.9,14.2,.416,2.3,6.9,.331,3.6,7.3,.496,.496,3.1,4.1,.767,0.7,1.5,2.2,1.6,1.7,0.2,1.2,1.4,17.2,trentga02
431,P.J. Tucker,PF,37,PHI,22,22,28.4,1.4,3.0,.455,0.6,1.6,.400,0.7,1.4,.516,.561,0.1,0.2,.750,1.2,3.0,4.2,1.0,0.6,0.3,1.0,2.4,3.5,tuckepj01
432,Myles Turner,C,26,IND,16,16,29.1,5.9,11.1,.528,1.4,3.8,.377,4.4,7.3,.607,.593,3.9,4.9,.808,1.5,6.8,8.3,1.5,0.6,2.6,1.6,3.3,17.1,turnemy01
433,Jonas Valančiūnas,C,30,NOP,21,21,23.4,4.9,9.1,.539,0.7,1.5,.438,4.2,7.6,.560,.576,2.6,3.1,.818,2.8,6.5,9.2,2.0,0.3,0.3,2.0,2.4,13.0,valanjo01
434,Jarred Vanderbilt,PF,23,UTA,22,22,24.8,3.5,5.9,.592,0.4,1.0,.364,3.1,4.9,.639,.623,0.9,1.5,.625,2.5,5.9,8.4,2.7,1.1,0.3,1.6,3.0,8.3,vandeja01
435,Fred VanVleet,PG,28,TOR,15,15,36.1,5.6,15.1,.370,3.0,8.4,.357,2.6,6.7,.386,.469,3.3,3.9,.862,0.5,3.1,3.6,6.6,1.7,0.5,1.7,2.5,17.5,vanvlfr01
436,Devin Vassell,SG,22,SAS,17,15,32.5,7.5,16.2,.464,3.1,7.2,.423,4.5,9.0,.497,.558,2.5,3.2,.796,0.2,4.0,4.2,3.6,0.8,0.4,1.5,1.6,20.6,vassede01
437,Gabe Vincent,PG,26,MIA,17,0,25.4,3.5,8.6,.404,1.5,4.9,.310,1.9,3.6,.532,.493,1.2,1.5,.840,0.2,1.8,2.1,3.1,0.8,0.1,1.4,2.7,9.7,vincega01
438,Noah Vonleh,C,27,BOS,15,1,9.4,0.7,1.5,.500,0.1,0.2,.333,0.7,1.3,.526,.523,0.1,0.1,1.000,1.1,1.5,2.6,0.3,0.1,0.4,0.7,1.9,1.7,vonleno01
439,Nikola Vučević,C,32,CHI,21,21,31.8,6.0,12.7,.477,1.5,4.4,.344,4.5,8.2,.549,.538,2.0,2.3,.857,2.4,8.8,11.2,3.0,0.4,0.8,2.1,2.2,15.6,vucevni01
440,Dean Wade,PF,26,CLE,16,8,24.9,2.4,5.2,.458,1.4,3.4,.418,0.9,1.8,.536,.596,0.6,0.8,.692,0.6,3.7,4.3,1.1,0.7,0.4,0.4,2.6,6.8,wadede01
441,Franz Wagner,SF,21,ORL,22,22,33.3,7.3,14.7,.498,1.3,4.0,.318,6.0,10.7,.566,.542,3.7,4.3,.863,0.9,3.3,4.2,4.0,0.8,0.3,2.8,2.6,19.6,wagnefr01
442,Moritz Wagner,C,25,ORL,4,0,20.0,2.0,5.5,.364,0.5,3.8,.133,1.5,1.8,.857,.409,3.0,3.5,.857,1.3,4.3,5.5,3.3,0.5,0.3,1.5,3.0,7.5,wagnemo01
443,Ish Wainright,SF,28,PHO,6,0,10.5,1.0,2.7,.375,1.0,2.2,.462,0.0,0.5,.000,.563,0.0,0.0,,1.3,0.8,2.2,0.7,0.5,0.3,0.3,1.5,3.0,wainris01
444,Jabari Walker,SF,20,POR,11,0,8.2,0.9,2.0,.455,0.1,0.5,.167,0.8,1.5,.563,.477,0.4,0.5,.667,0.5,1.7,2.3,0.8,0.1,0.1,0.3,0.9,2.3,walkeja01
445,Lonnie Walker IV,SG,24,LAL,17,17,31.5,6.2,13.1,.477,1.9,5.4,.363,4.3,7.7,.557,.552,2.2,2.6,.844,0.4,1.9,2.4,1.9,0.9,0.4,1.2,1.8,16.6,walkelo01
446,John Wall,PG,32,LAC,18,0,22.4,4.6,10.4,.441,0.9,3.4,.258,3.7,7.0,.532,.484,2.8,4.2,.658,0.3,2.3,2.6,5.6,0.9,0.2,2.3,1.7,12.9,walljo01
447,Duane Washington Jr.,SG,22,PHO,14,0,9.4,2.1,5.4,.382,0.8,2.7,.289,1.3,2.7,.474,.454,0.0,0.1,.000,0.0,0.5,0.5,0.7,0.1,0.1,0.6,0.5,4.9,washidu02
448,P.J. Washington,PF,24,CHO,21,21,31.9,5.9,13.4,.441,1.9,5.5,.339,4.0,7.9,.512,.511,2.2,2.8,.797,1.1,3.5,4.7,1.9,0.6,0.9,1.9,2.7,15.9,washipj01
449,TyTy Washington Jr.,PG,21,HOU,1,0,4.0,0.0,0.0,,0.0,0.0,,0.0,0.0,,,1.0,2.0,.500,0.0,0.0,0.0,0.0,0.0,0.0,0.0,0.0,1.0,washity02
450,Yuta Watanabe,SF,28,BRK,14,0,18.2,3.0,4.9,.609,1.7,3.0,.571,1.3,1.9,.667,.783,0.4,0.6,.667,0.7,2.2,2.9,0.9,0.2,0.5,0.4,1.1,8.1,watanyu01
451,Lindy Waters III,SG,25,OKC,5,0,13.8,1.6,4.6,.348,1.4,4.4,.318,0.2,0.2,1.000,.500,0.0,0.0,,0.4,1.6,2.0,0.4,0.6,0.0,0.0,1.0,4.6,waterli01
452,Trendon Watford,PF,22,POR,13,1,17.4,2.0,3.5,.578,0.2,0.7,.333,1.8,2.8,.639,.611,1.2,1.3,.941,0.8,2.7,3.5,1.5,0.5,0.0,1.1,1.9,5.5,watfotr01
453,Peyton Watson,SG,20,DEN,6,0,2.5,0.5,1.5,.333,0.0,0.2,.000,0.5,1.3,.375,.333,0.0,0.0,,0.3,0.2,0.5,0.0,0.0,0.0,0.0,0.2,1.0,watsope01
454,Blake Wesley,SG,19,SAS,2,0,11.5,3.0,4.5,.667,1.0,1.5,.667,2.0,3.0,.667,.778,1.0,2.0,.500,0.5,0.5,1.0,2.0,0.0,0.0,1.0,1.5,8.0,weslebl01
455,Russell Westbrook,PG,34,LAL,19,3,27.9,5.4,13.6,.399,1.4,4.3,.317,4.1,9.3,.438,.450,2.8,3.9,.707,1.0,4.2,5.2,7.2,1.1,0.4,3.6,2.4,15.0,westbru01
456,Coby White,PG,22,CHI,13,0,19.7,2.9,7.2,.409,1.5,4.6,.333,1.4,2.5,.545,.516,0.7,1.0,.692,0.2,1.7,1.8,1.7,0.7,0.2,0.8,1.6,8.1,whiteco01
457,Derrick White,SG,28,BOS,22,17,26.3,3.8,7.8,.491,1.9,4.2,.452,1.9,3.5,.538,.614,1.5,1.8,.872,0.5,2.5,3.0,3.3,0.9,0.7,0.9,2.5,11.1,whitede01
458,Jack White,SF,25,DEN,7,0,3.4,0.0,0.7,.000,0.0,0.3,.000,0.0,0.4,.000,.000,0.0,0.0,,0.3,0.3,0.6,0.0,0.1,0.3,0.0,0.6,0.0,whiteja03
459,Aaron Wiggins,SG,24,OKC,16,5,19.8,2.3,4.9,.474,0.8,2.0,.406,1.5,2.9,.522,.558,0.9,1.1,.833,0.8,2.8,3.6,1.6,0.6,0.3,0.7,1.6,6.4,wiggiaa01
460,Andrew Wiggins,SF,27,GSW,20,20,32.9,7.2,14.5,.497,2.9,6.7,.429,4.4,7.9,.554,.595,1.4,2.0,.692,1.6,3.8,5.3,2.3,1.4,0.8,1.4,3.1,18.6,wiggian01
461,Grant Williams,PF,24,BOS,21,10,28.3,3.0,5.9,.520,1.6,3.7,.442,1.4,2.2,.652,.659,1.0,1.2,.846,0.8,3.8,4.6,2.0,0.6,0.4,0.8,2.8,8.8,willigr01
462,Jalen Williams,SG,21,OKC,18,7,25.1,4.3,8.2,.524,0.7,2.4,.295,3.6,5.7,.621,.568,1.4,1.7,.839,0.6,2.6,3.2,2.6,0.7,0.3,1.6,2.7,10.7,willija06
463,Jaylin Williams,PF,20,OKC,5,0,7.0,1.0,2.2,.455,0.0,0.4,.000,1.0,1.8,.556,.455,0.8,1.2,.667,1.0,1.0,2.0,0.6,0.2,0.0,0.4,1.2,2.8,willija07
464,Kenrich Williams,PF,28,OKC,20,3,20.4,2.7,5.3,.505,0.6,1.8,.343,2.1,3.5,.586,.562,0.3,0.6,.417,1.7,2.2,3.9,1.4,0.7,0.2,0.4,2.0,6.2,willike04
465,Mark Williams,C,21,CHO,3,0,4.3,1.3,2.3,.571,0.0,0.0,,1.3,2.3,.571,.571,1.0,1.0,1.000,1.3,1.3,2.7,0.0,0.0,0.0,0.7,1.0,3.7,willima07
466,Patrick Williams,PF,21,CHI,21,21,25.9,3.3,7.3,.455,1.3,3.0,.435,2.0,4.4,.467,.542,1.2,1.3,.929,1.1,2.9,4.0,0.9,0.7,1.0,1.5,1.9,9.2,willipa01
467,Vince Williams Jr.,SG,22,MEM,5,0,5.2,0.6,1.6,.375,0.2,1.2,.167,0.4,0.4,1.000,.438,0.0,0.0,,0.2,0.4,0.6,0.4,0.4,0.2,0.0,0.8,1.4,willivi01
468,Zion Williamson,PF,22,NOP,16,16,31.7,9.1,15.3,.592,0.2,0.6,.333,8.9,14.8,.602,.598,4.8,6.8,.713,2.1,4.6,6.6,4.1,1.3,0.6,2.6,2.5,23.1,willizi01
469,Justise Winslow,SF,26,POR,19,9,28.8,3.3,8.1,.412,0.6,1.8,.324,2.7,6.3,.437,.448,0.9,1.4,.692,1.6,3.8,5.4,3.7,1.0,0.4,1.5,3.2,8.2,winslju01
470,James Wiseman,C,21,GSW,11,0,13.4,2.7,4.6,.588,0.0,0.0,,2.7,4.6,.588,.588,1.4,2.1,.652,1.0,2.8,3.8,1.0,0.1,0.4,0.7,2.4,6.8,wisemja01
471,Christian Wood,PF,27,DAL,19,0,26.0,6.3,11.3,.556,1.4,3.4,.406,4.9,7.9,.620,.617,2.9,4.3,.671,1.2,6.5,7.7,1.2,0.4,0.5,2.3,2.8,16.8,woodch01
472,Delon Wright,PG,30,WAS,4,0,22.8,2.5,6.0,.417,0.8,3.0,.250,1.8,3.0,.583,.479,0.8,1.3,.600,1.0,1.5,2.5,3.3,2.8,1.0,1.0,1.3,6.5,wrighde01
473,McKinley Wright IV,PG,24,DAL,1,0,5.0,1.0,4.0,.250,0.0,1.0,.000,1.0,3.0,.333,.250,0.0,0.0,,1.0,1.0,2.0,2.0,1.0,0.0,0.0,0.0,2.0,wrighmc01
474,Thaddeus Young,PF,34,TOR,18,8,18.1,2.4,4.6,.537,0.1,0.7,.077,2.4,3.8,.623,.543,0.7,0.8,.857,1.8,2.3,4.2,2.0,1.2,0.1,0.8,1.7,5.6,youngth01
475,Trae Young,PG,24,ATL,21,21,35.5,9.0,21.8,.411,2.2,7.4,.303,6.7,14.4,.467,.463,7.7,8.5,.899,0.8,2.1,2.9,9.6,0.8,0.1,3.4,1.4,27.8,youngtr01
476,Ivica Zubac,C,25,LAC,23,23,30.7,4.3,6.9,.616,0.0,0.0,.000,4.3,6.9,.620,.616,2.1,3.1,.681,3.4,8.1,11.5,1.3,0.4,1.8,2.3,3.0,10.7,zubaciv01